North College Avenue,39.6876967,-75.7543133,residential,178651173,
Wilbur Street,39.6879620,-75.7522020,residential,178651179,
East Main Street,39.6837895,-75.7436447,primary,3640983633,
The Horseshoe,39.7003179,-75.7801776,residential,947585112,
East Cleveland Avenue,39.6861031,-75.7517774,tertiary,178689387,
Beverly Road,39.6756218,-75.7591640,residential,178651283,
Apple Road,39.6755954,-75.7610067,residential,178651285,
Lehigh Road,39.6720952,-75.7669774,residential,178716968,
New London Road,39.6906302,-75.7610645,primary,1097105712,
Country Club Drive North,39.6953002,-75.7732781,residential,178651447,
Old East Chestnut Hill Road,39.6577313,-75.7485147,tertiary,2780758480,
Bridle Brook Lane,39.7000833,-75.7837274,residential,947585126,
Interchange Boulevard,39.6615549,-75.7785904,residential,178619001,
n/a,39.6906639,-75.7575528,residential,1097105522,
Blue Jay Drive,39.6549905,-75.7663026,residential,178645792,
Hidden Valley Drive,39.6985645,-75.7844962,residential,178651856,
Inspiration Boulevard,39.6655380,-75.7578935,residential,6067126996,
Avenue 1743,39.6669223,-75.7557857,residential,6067126997,
Avenue 1743,39.6656930,-75.7556622,residential,6067126998,
Avenue 1743,39.6640552,-75.7554740,residential,6067127000,
Avenue 1743,39.6630075,-75.7553389,residential,6067127001,
Hunters Circle,39.7007820,-75.7794930,residential,5177475881,
Hunters Circle,39.7009194,-75.7794087,residential,5177475889,
Ogletown Road,39.6847255,-75.7356759,primary,2446623829,
Lehigh Road,39.6725940,-75.7664242,residential,178717810,
Lehigh Road,39.6695292,-75.7699180,residential,178717813,
Capitol Trail,39.6852199,-75.7367689,primary,2446623862,
Lehigh Road,39.6680479,-75.7696365,residential,178717825,
Briar Lane,39.6805510,-75.7687307,residential,178678675,
n/a,39.6702385,-75.7708999,primary_link,5544936837,
n/a,39.6707059,-75.7710110,primary_link,5544936841,
East Cleveland Avenue,39.6857792,-75.7544376,tertiary,178685453,
West Cleveland Avenue,39.6856560,-75.7577894,tertiary,178685457,
Farm Lane,39.6686580,-75.7475128,residential,178619963,
Edjil Drive,39.6526910,-75.7489670,residential,178620062,
Old Cooches Bridge Road,39.6523558,-75.7484530,residential,178620063,
Richardson Lane,39.6604879,-75.7461109,residential,1216022181,
Susquehanna Circle,39.6714019,-75.7660979,residential,178716971,
Hawthorne Avenue,39.6884480,-75.7240992,residential,178685760,
n/a,39.6914311,-75.7592960,residential,1097105719,
Whitechapel Drive,39.6749438,-75.7289776,residential,5544904582,
n/a,39.6753044,-75.7286193,tertiary_link,5544904585,
n/a,39.6746901,-75.7284913,tertiary_link,5544904586,
Whitechapel Drive,39.6748850,-75.7289526,residential,5544904589,
Whitechapel Drive,39.6749289,-75.7285380,residential,5544904590,
Whitechapel Drive,39.6749978,-75.7285523,residential,5544904591,
Whitechapel Drive,39.6748471,-75.7295043,residential,5544904594,
Delrem Drive,39.6926782,-75.7764438,residential,178718692,
Braemar Drive,39.6740810,-75.7859730,residential,178685938,
Abbotsford Lane,39.6742710,-75.7850040,residential,178685942,
Shenandoah Drive,39.6947080,-75.7348230,residential,178685957,
Crystal Court,39.6522793,-75.7543062,residential,178653266,
St Regis Drive,39.7011450,-75.7277190,residential,178686091,
Eberly Drive,39.7012540,-75.7338370,residential,178686108,
St Regis Drive,39.7003510,-75.7342100,residential,178686110,
South College Avenue,39.6717754,-75.7534095,primary,178620584,
Holton Place,39.6706700,-75.7533018,residential,178620586,
Water Works Lane,39.6703817,-75.7532615,residential,178620588,
Orchard Road,39.6718700,-75.7567340,residential,178718908,
Nottingham Road,39.6926468,-75.7819072,primary,1680935206,
Bobby Drive,39.6543595,-75.7427105,residential,178719109,
East Cleveland Avenue,39.6865538,-75.7496995,tertiary,178653617,
Marrows Road,39.6853451,-75.7328282,tertiary,1679067600,
Otts Chapel Road,39.6428799,-75.7794407,secondary,178719241,
Stamford Drive,39.6929513,-75.7660588,residential,178653710,
Danbury Road,39.6924747,-75.7709361,residential,178653713,
n/a,39.6521591,-75.7803668,secondary_link,178719250,
Country Club Drive North,39.6926892,-75.7732574,residential,178653721,
Otts Chapel Road,39.6542994,-75.7814667,secondary,178719258,
Otts Chapel Road,39.6549767,-75.7820514,secondary,178719260,
Otts Chapel Road,39.6549808,-75.7822124,secondary,178719297,
Otts Chapel Road,39.6542250,-75.7815472,secondary,178719300,
Casho Mill Road,39.6790254,-75.7752667,tertiary,1595673164,
Radcliffe Drive,39.6836442,-75.7710396,residential,178653802,
Vassar Drive,39.6818301,-75.7747705,residential,178653812,
Gilberti Lane,39.6905816,-75.7263588,residential,587696799,
Sypherd Drive,39.6808843,-75.7609395,residential,178686650,
Apple Road,39.6796349,-75.7647234,tertiary,178686662,
Timber Creek Lane,39.6879124,-75.7762595,residential,178646137,
Timber Creek Lane,39.6859283,-75.7756113,residential,178646140,
Lafayette Road,39.6852639,-75.7755393,residential,178646141,
Casho Mill Road,39.6761327,-75.7740442,tertiary,178646153,
Water Works Lane,39.6712408,-75.7506854,residential,6268947300,
Sunset Road,39.6765224,-75.7551150,residential,178654098,
n/a,39.6807957,-75.7362542,primary_link,6267014200,
n/a,39.6800780,-75.7363827,primary_link,6267014208,
n/a,39.6798570,-75.7361152,primary_link,6267014213,
Hidden Valley Drive,39.6963056,-75.7833203,residential,178719923,
Murry View Court,39.6641876,-75.7372251,residential,178687368,
Russell Lane,39.6735376,-75.7749147,residential,3680865677,
Casho Mill Road,39.6722050,-75.7721487,tertiary,3680865688,
Russell Lane,39.6746351,-75.7739775,residential,3680865689,
Ellis Court,39.6727238,-75.7741160,residential,3680865692,
Wyoming Road,39.6763759,-75.7436723,tertiary,178687412,
South Chapel Street,39.6627669,-75.7365155,primary,178687425,
Capitol Trail,39.6666060,-75.7383180,primary,178687434,
West Delaware Avenue,39.6816547,-75.7536232,primary,178654675,
East Delaware Avenue,39.6819899,-75.7494772,primary,178654676,
Haines Street,39.6821532,-75.7473075,residential,178654677,
East Delaware Avenue,39.6821972,-75.7451703,primary,178654682,
Tyre Avenue,39.6809997,-75.7417071,residential,178654704,
Washington Street,39.6829205,-75.7376650,residential,178654712,
Gill Drive,39.6554034,-75.7386344,residential,178654769,
Bobby Drive,39.6550975,-75.7425915,residential,178654770,
Mercer Drive,39.6668840,-75.7283110,residential,178654774,
Marrows Road,39.6669814,-75.7271758,tertiary,178654775,
Meadow Lane,39.6672640,-75.7238370,residential,178654776,
Montrose Drive,39.6673324,-75.7229310,residential,178654777,
Water Works Lane,39.6716674,-75.7515247,residential,178706367,
Mackenzie Drive,39.6742960,-75.7839780,residential,178654881,
Park Drive,39.6576310,-75.7547250,residential,178654908,
Lenape Lane,39.6569246,-75.7550770,residential,178654910,
Lenape Lane,39.6550791,-75.7542941,residential,178654916,
Wilkerdean Drive East,39.6934960,-75.7388390,residential,178654930,
South College Avenue,39.6685950,-75.7529862,primary,178720512,
Welsh Tract Road,39.6516470,-75.7496880,tertiary,178720528,
Phillips Avenue,39.6703854,-75.7558803,residential,178687778,
Ritter Lane,39.6718738,-75.7558533,residential,178687797,
South College Avenue,39.6732570,-75.7534623,primary,178720621,
South College Avenue,39.6720530,-75.7534670,primary,178720623,
n/a,39.6798572,-75.7640622,tertiary_link,2781515673,
Library Avenue,39.6687598,-75.7388637,primary,178622377,
Barksdale Road,39.6775654,-75.7809354,tertiary,2781515693,
n/a,39.6757540,-75.7268825,residential,3251605524,
n/a,39.6752453,-75.7273536,residential,3251605526,
White Clay Drive,39.6895443,-75.7539076,residential,178688108,
Wilbur Street,39.6870460,-75.7519620,residential,178655393,
Old Paper Mill Road,39.6919680,-75.7415450,residential,178655395,
Ranch Court,39.6913880,-75.7402010,residential,178655403,
n/a,39.6869410,-75.7357074,primary_link,587698355,
Nonantum Drive,39.6919450,-75.7393180,residential,178655413,
Creek Bend Court,39.6928960,-75.7350390,residential,178688215,
Danbury Road,39.6932940,-75.7710800,residential,178688263,
Wilshire Lane,39.6940550,-75.7723733,residential,178688279,
Timberline Drive,39.6914989,-75.7803352,residential,178721054,
Edjil Drive,39.6533720,-75.7449860,residential,178655527,
Timberline Drive,39.6876960,-75.7784570,residential,178721064,
Donna Drive,39.6523358,-75.7454254,residential,178655532,
Janice Drive,39.6518419,-75.7462346,residential,178655534,
Marlin Drive,39.6627440,-75.7294170,residential,178655713,
Marlin Drive,39.6642300,-75.7282630,residential,178655723,
Beverly Road,39.6709420,-75.7593861,residential,178688520,
Apple Road,39.6709298,-75.7609360,residential,178688522,
Chrysler Avenue,39.6707746,-75.7623366,residential,178688525,
Elkton Road,39.6655981,-75.7760417,primary,620696165,
New London Road,39.6857219,-75.7585306,primary,5865575125,
Barksdale Road,39.6791772,-75.7667932,tertiary,178656057,
Barksdale Road,39.6787589,-75.7719390,tertiary,178656061,
Barksdale Road,39.6777186,-75.7799827,tertiary,178656071,
Edjil Drive,39.6535461,-75.7427930,residential,178688845,
Timberline Drive,39.6848240,-75.7800306,residential,178656138,
East Main Street,39.6837378,-75.7443088,primary,5925868455,
n/a,39.6649827,-75.7525351,residential,1145738245,
Roger Martin Lane,39.6660285,-75.7471298,residential,1145738274,
n/a,39.6650195,-75.7519518,residential,1145738293,
Marrows Road,39.6831623,-75.7318558,tertiary,2595099793,
Winfield Drive,39.6966411,-75.7636538,residential,178689183,
Woodhill Court,39.6985818,-75.7607126,residential,178689199,
Dallam Road,39.6852041,-75.7666105,residential,178656604,
Tanglewood Lane,39.6836549,-75.7687994,residential,178656609,
Briar Lane,39.6827598,-75.7700552,residential,178656611,
Radcliffe Drive,39.6820992,-75.7709561,residential,178656613,
East Cleveland Avenue,39.6858718,-75.7535976,tertiary,178689385,
Vassar Drive,39.6801805,-75.7747114,residential,178656619,
North Chapel Street,39.6870567,-75.7469932,primary,178689394,
East Cleveland Avenue,39.6871774,-75.7461430,tertiary,178689396,
East Cleveland Avenue,39.6867246,-75.7379020,tertiary,178689399,
Science Boulevard,39.6627347,-75.7589925,residential,3301578109,
n/a,39.6627815,-75.7587504,residential,3301578110,
East Village Road,39.6751667,-75.7296668,residential,178722222,
Whitechapel Drive,39.6748410,-75.7295534,residential,178722224,
Witherspoon Lane,39.6736730,-75.7291454,residential,178722226,
St Regis Drive,39.6991980,-75.7303890,residential,178656796,
Eberly Drive,39.7001810,-75.7303940,residential,178656799,
Aronimink Drive,39.7020430,-75.7335120,residential,178656809,
Paper Mill Road,39.6956486,-75.7507108,primary,5545104952,
Paper Mill Road,39.6958698,-75.7506887,primary,5545104956,
n/a,39.6956520,-75.7503716,primary_link,5545104959,
Paper Mill Road,39.6956478,-75.7507856,primary,5545104960,
Paper Mill Road,39.6953465,-75.7506741,primary,5545104975,
Paper Mill Road,39.6971730,-75.7500920,primary,5545104978,
Paper Mill Road,39.6950482,-75.7506040,primary,5545104979,
Richardson Lane,39.6604787,-75.7476920,residential,1201837741,
n/a,39.6599571,-75.7502805,residential,1201837746,
n/a,39.6606204,-75.7504718,residential,1201837779,
n/a,39.6609620,-75.7462098,residential,1201837795,
Oakfield Drive,39.6551390,-75.7303110,residential,178689773,
n/a,39.6605484,-75.7513038,residential,1201837807,
n/a,39.6603589,-75.7518512,residential,1201837812,
Jamison Street,39.6749434,-75.7240247,residential,178689788,
Kenmar Drive,39.6600610,-75.7354546,residential,479663932,
South Chapel Street,39.6620353,-75.7364345,primary,479663934,
Rahway Drive,39.6821871,-75.7761014,residential,178624440,
Wilkerdean Drive West,39.6930710,-75.7419470,residential,178712238,
Stamford Drive,39.7004855,-75.7717075,residential,178624671,
n/a,39.6905096,-75.7264752,residential,178690363,
North Chapel Street,39.6868047,-75.7466688,primary,2598294075,
n/a,39.6523839,-75.7797881,secondary_link,668408224,
Otts Chapel Road,39.6525275,-75.7804636,secondary,668408244,
Wyoming Road,39.6775470,-75.7392881,tertiary,178723386,
Paper Mill Road,39.6888838,-75.7484204,primary,178657859,
Capitol Trail,39.6850981,-75.7367515,primary,2446623861,
Wyoming Road,39.6784304,-75.7363778,tertiary,1513462470,
n/a,39.6789300,-75.7359730,tertiary_link,1513462504,
Argyle Road,39.6588320,-75.7404882,residential,178723665,
Meriden Drive,39.6937720,-75.7661924,residential,178658165,
Cambridge Drive,39.6974180,-75.7667661,residential,178658174,
Hearn Place,39.6990945,-75.7694626,residential,178658181,
Country Club Drive North,39.6995021,-75.7711546,residential,178658185,
n/a,39.6803710,-75.7305440,tertiary_link,2157550493,
Ogletown Road,39.6851958,-75.7339509,primary,534486122,
Wyncliff Lane,39.6995348,-75.7488114,residential,178724074,
Queen Marys Drive,39.6858551,-75.7828466,residential,178658605,
West Main Street,39.6850822,-75.7617404,primary,178658720,
Dallam Road,39.6836189,-75.7626193,residential,178658722,
Cheltenham Road,39.6826189,-75.7632426,residential,178658724,
Briar Lane,39.6800603,-75.7647586,residential,178658730,
Heather Court,39.6910997,-75.7630283,residential,178691514,
Christina Mill Drive,39.6695410,-75.7744655,residential,178724314,
n/a,39.6605997,-75.7507347,residential,1559404085,
Panorama Drive,39.6889058,-75.7810840,residential,178691762,
Capitol Trail,39.6916060,-75.7258707,primary,178659073,
Jamison Street,39.6741590,-75.7239560,residential,178685227,
West Galloway Court,39.6759930,-75.7853210,residential,178691957,
North College Avenue,39.6868840,-75.7545670,residential,178626528,
Center Street,39.6847350,-75.7486750,residential,178692095,
Apple Road,39.6776529,-75.7621021,residential,178626566,
Brook Drive,39.6574418,-75.7530279,residential,178626577,
Brook Drive,39.6574600,-75.7528700,residential,178626579,
West Chestnut Hill Road,39.6548570,-75.7525500,tertiary,178626582,
West Chestnut Hill Road,39.6547020,-75.7527730,tertiary,178626584,
Healthy Way,39.6658615,-75.7532633,residential,2652119077,
Healthy Way,39.6658757,-75.7530654,residential,2652119085,
North Wynwyd Drive,39.6867592,-75.7788399,residential,178724933,
Victoria Court,39.6809675,-75.7466429,residential,3642368094,
Victoria Court,39.6812569,-75.7466843,residential,3642368096,
Victoria Court,39.6815431,-75.7467252,residential,3642368098,
Farnsworth Road,39.6735831,-75.7302606,residential,178725026,
Westfield Circle,39.6737283,-75.7725578,residential,178692454,
n/a,39.6866592,-75.7354233,primary_link,178725291,
Woodlawn Avenue,39.6871045,-75.7346172,residential,178725294,
Marrows Road,39.6823671,-75.7314847,tertiary,1043898934,
Marrows Road,39.6826616,-75.7316215,tertiary,1043898950,
Kells Avenue,39.6733181,-75.7473557,residential,178692703,
n/a,39.6723978,-75.7473333,residential,178692705,
Shenandoah Drive,39.6929770,-75.7367580,residential,178660000,
Fall Brooke Road,39.6928373,-75.7374643,residential,178660003,
Nonantum Drive,39.6924110,-75.7394500,residential,178660005,
Curtis Lane,39.6911940,-75.7489563,residential,178660014,
Paper Mill Road,39.6912050,-75.7495130,primary,178660016,
n/a,39.6668903,-75.7529267,residential,2652119756,
n/a,39.6670955,-75.7532641,residential,2652119769,
University Drive,39.6553828,-75.7699359,residential,178627350,
South Main Street,39.6820302,-75.7573897,primary,178725753,
South Main Street,39.6812609,-75.7582756,primary,178725755,
Elkton Road,39.6748770,-75.7656857,primary,178725759,
Suburban Drive,39.6673726,-75.7739685,residential,178725767,
South Main Street,39.6794740,-75.7601250,primary,178725791,
South Main Street,39.6768222,-75.7631132,primary,178725792,
Elkton Road,39.6742622,-75.7660969,primary,178725794,
Elkton Road,39.6733354,-75.7671023,primary,178725796,
Elkton Road,39.6720710,-75.7685267,primary,178725798,
Marrows Road,39.6702521,-75.7276004,tertiary,2730370013,
Pickett Lane,39.6791241,-75.7759350,residential,178660613,
Rahway Drive,39.6786540,-75.7801220,residential,178660616,
King William Street,39.6768726,-75.7831290,residential,1594107158,
Ritter Lane,39.6718370,-75.7593982,residential,178726260,
Timberline Drive,39.6887420,-75.7782705,residential,178674587,
Radcliffe Drive,39.6844734,-75.7708690,residential,178660789,
Dallam Road,39.6842185,-75.7725433,residential,178660796,
Amherst Drive,39.6834972,-75.7735420,residential,178660799,
Vassar Drive,39.6829688,-75.7748019,residential,178660805,
Kensington Lane,39.6635780,-75.7353991,residential,178660824,
Otts Chapel Road,39.6509250,-75.7801880,secondary,178628216,
South Main Street,39.6758730,-75.7642536,primary,5194393226,
South Main Street,39.6786726,-75.7611247,primary,6270559912,
Capitol Trail,39.6902710,-75.7300990,primary,178693827,
Woodlawn Avenue,39.6887710,-75.7293190,residential,178693830,
Barksdale Road,39.6794200,-75.7653933,tertiary,1594140362,
North College Avenue,39.6829966,-75.7540712,residential,178661146,
West Main Street,39.6831040,-75.7565767,primary,178661176,
West Main Street,39.6840709,-75.7590810,primary,178661178,
Marrows Road,39.6835185,-75.7320395,tertiary,1513695095,
South College Avenue,39.6671490,-75.7529650,primary,178694059,
Stoney Brae Road,39.7007480,-75.7248710,residential,178661557,
Possum Park Road,39.7012146,-75.7267216,primary,178661563,
New London Road,39.6845301,-75.7575391,primary,178661784,
Ogletown Road,39.6845177,-75.7365983,primary,178629029,
Marrows Road,39.6626209,-75.7263620,tertiary,178629035,
Marrows Road,39.6641722,-75.7268119,tertiary,178727357,
Marrows Road,39.6701610,-75.7275864,tertiary,178727359,
Marrows Road,39.6709832,-75.7277468,tertiary,178727360,
Marrows Road,39.6770372,-75.7290438,tertiary,178727370,
Wyoming Road,39.6801293,-75.7304336,tertiary,178727372,
Marrows Road,39.6820607,-75.7313394,tertiary,178727375,
Marrows Road,39.6837582,-75.7321577,tertiary,178727378,
Manfield Road,39.6612055,-75.7259486,residential,178727384,
Shull Drive,39.6674889,-75.7649351,residential,178727694,
Alexandria Drive,39.6672769,-75.7694445,residential,178727698,
Marrows Road,39.6843115,-75.7324111,tertiary,1321151564,
Whitechapel Drive,39.6741380,-75.7325660,residential,178662690,
Witherspoon Lane,39.6734119,-75.7323757,residential,178662694,
Cambridge Drive,39.6956170,-75.7697515,residential,178662802,
Country Club Drive North,39.6964926,-75.7731880,residential,178662816,
North Chapel Street,39.6857882,-75.7460539,primary,178662847,
North Chapel Street,39.6860930,-75.7461369,primary,178662849,
n/a,39.6948047,-75.7481199,residential,178630154,
n/a,39.6616874,-75.7499028,residential,1158065682,
O'Daniel Avenue,39.6745539,-75.7716609,residential,178674969,
Kenmar Drive,39.6615497,-75.7291504,residential,178695945,
Kenmar Drive,39.6600840,-75.7286459,residential,178695948,
Marrows Road,39.6854563,-75.7328713,tertiary,620736362,
Arbour Drive,39.6566440,-75.7638520,residential,178653159,
Possum Park Road,39.7015837,-75.7271427,primary,178663368,
Sincock Lane,39.6587353,-75.7457893,residential,178696201,
n/a,39.6579600,-75.7483333,tertiary,620704016,
n/a,39.6578337,-75.7481241,tertiary,620704035,
Mercer Drive,39.6677700,-75.7284360,residential,178729314,
Quincy Drive,39.6761460,-75.7668969,residential,3680973194,
Capitol Trail,39.6907180,-75.7286260,primary,178713330,
Woodlawn Avenue,39.6892270,-75.7278330,residential,178713331,
Sypherd Drive,39.6818715,-75.7636769,residential,178658726,
Colonial Court,39.6774419,-75.7719071,residential,178663937,
Chaucer Drive,39.6708280,-75.7296270,residential,178729559,
Chaucer Drive,39.6718830,-75.7298550,residential,178729561,
Chaucer Drive,39.6708850,-75.7286980,residential,178729575,
Manfield Road,39.6619817,-75.7261654,residential,2780744329,
New London Road,39.6830012,-75.7561863,primary,2114990826,
Cannons Way,39.6569473,-75.7476558,residential,587674396,
Wilkerdean Drive West,39.6930770,-75.7407220,residential,178697005,
Kenmar Drive,39.6614915,-75.7301041,residential,178729838,
Kenmar Drive,39.6598028,-75.7295304,residential,178729839,
Nottingham Road,39.6930320,-75.7829111,primary,1680389020,
Science Boulevard,39.6654383,-75.7593292,residential,2652331505,
Old East Chestnut Hill Road,39.6577971,-75.7484339,tertiary,178631648,
Ogletown Road,39.6844888,-75.7367593,primary,620737645,
East Delaware Avenue,39.6821101,-75.7436103,primary,3640983658,
n/a,39.6676636,-75.7789127,residential,3659101038,
Hullihen Drive,39.6802240,-75.7677463,residential,178730140,
Ogletown Road,39.6844351,-75.7365876,primary,620737760,
East Main Street,39.6839458,-75.7416474,primary,2598319339,
Cannons Way,39.6578584,-75.7478469,residential,178664798,
Durham Court,39.6750463,-75.7251578,residential,178632096,
Elkton Road,39.6715033,-75.7691785,primary,178632100,
New Street,39.6856327,-75.7471877,residential,178730479,
Bobby Drive,39.6566105,-75.7423402,residential,178742844,
Argyle Road,39.6604545,-75.7393819,residential,178730586,
Argyle Road,39.6580145,-75.7426472,residential,178730599,
Willa Road,39.6715360,-75.7632753,residential,178665154,
Apple Road,39.6774207,-75.7617899,residential,6283900653,
Elkton Road,39.6696241,-75.7716262,primary,5194266425,
n/a,39.6672965,-75.7529789,residential,6093256608,
Marrows Road,39.6847455,-75.7326139,tertiary,2595108889,
New Street,39.6853556,-75.7487585,residential,178698483,
East Main Street,39.6842102,-75.7389730,primary,178633037,
Capitol Trail,39.6858097,-75.7367709,primary,178633048,
South College Avenue,39.6830120,-75.7536282,primary,178633083,
Academy Street,39.6833442,-75.7493618,residential,178633085,
Center Street,39.6834183,-75.7484111,residential,178633086,
Haines Street,39.6834897,-75.7474942,residential,178633087,
Choate Street,39.6835500,-75.7467191,residential,178633088,
South Chapel Street,39.6836408,-75.7455349,primary,178633089,
East Main Street,39.6839130,-75.7420580,primary,178633091,
East Main Street,39.6842760,-75.7383260,primary,178633095,
South College Avenue,39.6630110,-75.7524299,primary,1711421841,
n/a,39.6783910,-75.7626496,tertiary_link,6283770279,
Manfield Road,39.6581330,-75.7232100,residential,178731442,
Old Newark Road,39.6735352,-75.7258166,tertiary,178633149,
Elliot Street,39.6740100,-75.7259030,residential,178633150,
Gilbert Court,39.6747093,-75.7259714,residential,178633151,
Durham Court,39.6751671,-75.7258358,residential,178633153,
South College Avenue,39.6632372,-75.7524555,primary,1711421897,
Chaucer Drive,39.6711000,-75.7268400,residential,178731468,
Chaucer Drive,39.6732660,-75.7234890,residential,178731478,
Discovery Boulevard,39.6633669,-75.7524727,residential,1711421934,
South Main Street,39.6790233,-75.7606172,primary,6283770391,
Healthy Way,39.6657931,-75.7527840,residential,1711422068,
Healthy Way,39.6660564,-75.7528066,residential,1711422086,
n/a,39.6521479,-75.7805145,secondary_link,5994986127,
Orchard Road,39.6735390,-75.7567550,residential,178666143,
Townsend Road,39.6735043,-75.7581190,residential,178666144,
Beverly Road,39.6734794,-75.7594295,residential,178666145,
Apple Road,39.6734380,-75.7608683,residential,178666146,
South Chapel Street,39.6623056,-75.7365778,primary,1419655941,
Library Avenue,39.6797338,-75.7359950,primary,1419655944,
Alwyn Drive,39.6554238,-75.7476298,residential,178666255,
Anglin Drive,39.6539626,-75.7474265,residential,178666258,
Edjil Drive,39.6531630,-75.7473549,residential,178666259,
Anita Drive,39.6512590,-75.7436324,residential,178666272,
Marrows Road,39.6789910,-75.7298726,tertiary,2157558643,
Marrows Road,39.6793898,-75.7300788,tertiary,2157558648,
Wyoming Road,39.6798958,-75.7311628,tertiary,2157558649,
Marrows Road,39.6798943,-75.7303173,tertiary,2157558650,
Wyoming Road,39.6800312,-75.7307285,tertiary,2157558652,
South Main Street,39.6781205,-75.7617499,primary,178666420,
Apple Road,39.6790526,-75.7642206,tertiary,178666425,
Mercer Drive,39.6651710,-75.7298320,residential,178713761,
South College Avenue,39.6707879,-75.7531445,primary,1579596745,
Colonial Court,39.6771259,-75.7728100,residential,178699212,
Water Works Lane,39.6708436,-75.7530003,residential,1579596760,
Water Works Lane,39.6716530,-75.7523319,residential,1579596778,
Water Works Lane,39.6716681,-75.7507274,residential,1579596783,
East Cleveland Avenue,39.6867500,-75.7382661,tertiary,2595273722,
Rockmoss Avenue,39.6815350,-75.7797450,residential,178666547,
Kenilworth Avenue,39.6804980,-75.7799990,residential,178666550,
Aster Avenue,39.6797220,-75.7800510,residential,178666551,
Blair Court,39.6772019,-75.7739311,residential,178666598,
A Street,39.6914566,-75.7257925,residential,587709621,
Panorama Drive,39.6906880,-75.7806662,residential,178633917,
South Townview Lane,39.6908270,-75.7828170,residential,178633922,
North Kingston Road,39.6626810,-75.7302900,residential,178666704,
Kensington Lane,39.6651200,-75.7284020,residential,178666711,
Casho Mill Road,39.6709527,-75.7712836,tertiary,3572886307,
New London Road,39.6833104,-75.7564953,primary,178666894,
West Cleveland Avenue,39.6854680,-75.7583310,tertiary,178666897,
New London Road,39.6890455,-75.7602601,primary,178666914,
New London Road,39.6912540,-75.7615797,primary,178666923,
New London Road,39.6916523,-75.7620081,primary,178666926,
Sluice Court,39.6781549,-75.7741070,residential,3536207341,
Saw Mill Court,39.6785953,-75.7741711,residential,3536207342,
West Main Street,39.6865809,-75.7657655,primary,178634237,
Tanglewood Lane,39.6869779,-75.7668311,residential,178634238,
Briar Lane,39.6873764,-75.7679006,residential,178634239,
Radcliffe Drive,39.6879205,-75.7693607,residential,178634241,
Radcliffe Drive,39.6879882,-75.7695425,residential,178634244,
Nottingham Road,39.6919386,-75.7800646,primary,178634264,
Old East Chestnut Hill Road,39.6562000,-75.7506798,tertiary,564411972,
Nottingham Road,39.6907367,-75.7769188,primary,2781497985,
North College Avenue,39.6867360,-75.7545540,residential,178626526,
Library Avenue,39.6812512,-75.7363148,primary,1513649460,
Campfield Road,39.6573780,-75.7278940,residential,178667438,
South Main Street,39.6777206,-75.7622182,primary,178626559,
Library Avenue,39.6760167,-75.7359391,primary,178634776,
Library Avenue,39.6745357,-75.7365121,primary,178634783,
Library Avenue,39.6696470,-75.7388290,primary,178634798,
Shenandoah Drive,39.6945900,-75.7361910,residential,178634835,
Anglin Drive,39.6557216,-75.7441271,residential,178700406,
O'Daniel Avenue,39.6748929,-75.7708550,residential,178667717,
South Chapel Street,39.6634348,-75.7368734,primary,178667881,
Korda Road,39.6636630,-75.7345560,residential,178667883,
Korda Road,39.6637600,-75.7335440,residential,178667886,
Knickerbocker Drive,39.6638610,-75.7324970,residential,178667887,
Knickerbocker Drive,39.6639440,-75.7315160,residential,178667889,
North Kingston Road,39.6640330,-75.7304620,residential,178667891,
Montvale Road,39.6644850,-75.7292080,residential,178667899,
Marrows Road,39.6654645,-75.7269836,tertiary,178667905,
Chaucer Drive,39.6713360,-75.7250380,residential,178667922,
Carlisle Road,39.6731190,-75.7253230,residential,178667924,
Mill Station Drive,39.6981555,-75.7747911,residential,178635178,
Hopkins Court,39.6747746,-75.7252383,residential,178632094,
Lynley Lane,39.6957630,-75.7469360,residential,178667968,
Paper Mill Road,39.6972439,-75.7500536,primary,178667976,
West Delaware Avenue,39.6816067,-75.7553304,primary,178668015,
Elkton Road,39.6703484,-75.7705385,primary,2781498127,
Kimberton Drive,39.6755058,-75.7270672,residential,178700894,
Kimberton Drive,39.6767549,-75.7262876,residential,178700896,
Kimberton Drive,39.6778320,-75.7244010,residential,178700907,
Welsh Tract Road,39.6517032,-75.7495829,tertiary,178701021,
Peach Road,39.6755660,-75.7621450,residential,178635604,
South Main Street,39.6758077,-75.7643318,primary,178635611,
Library Avenue,39.6767599,-75.7357829,primary,620741518,
West Church Road,39.6885873,-75.7758378,residential,178635748,
Woodlawn Avenue,39.6883310,-75.7307510,residential,178670423,
Capitol Trail,39.6919191,-75.7254125,primary,178734107,
Capitol Trail,39.6677409,-75.7387138,primary,178734144,
Capitol Trail,39.6918478,-75.7253709,primary,178734180,
Ohio State Drive,39.6518673,-75.7745932,residential,178648594,
Queen Marys Drive,39.6857011,-75.7825284,residential,955545111,
Wyoming Road,39.6785652,-75.7359208,tertiary,620741891,
Wyoming Road,39.6786018,-75.7358013,tertiary,620741912,
West Park Place,39.6747536,-75.7650373,tertiary,5544401205,
Suburban Drive,39.6676503,-75.7791285,residential,3274917252,
Suburban Drive,39.6677387,-75.7790344,residential,3274917283,
Suburban Drive,39.6683495,-75.7807999,residential,3274917284,
Washington Street,39.6833777,-75.7380003,residential,178734718,
Welsh Tract Road,39.6513109,-75.7502339,tertiary,620676832,
Country Hills Drive,39.6768660,-75.7856194,residential,1594115975,
Elkton Road,39.6721473,-75.7686258,primary,178692437,
Terry Lane,39.6868369,-75.7605975,residential,178636990,
Rock Lane,39.6531880,-75.7552660,residential,178648791,
Welsh Tract Road,39.6516387,-75.7495373,residential,620677443,
Independence Way,39.6514017,-75.7644282,residential,178648810,
n/a,39.6846186,-75.7361721,primary_link,1679051134,
Haines Street,39.6814906,-75.7472216,residential,178637200,
Victoria Court,39.6816200,-75.7459988,residential,178637216,
Victoria Court,39.6816468,-75.7457841,residential,178637217,
n/a,39.6809363,-75.7456275,residential,178637218,
West Main Street,39.6848292,-75.7610750,primary,178637375,
Wilson Street,39.6858476,-75.7604249,residential,178637376,
Terry Lane,39.6866328,-75.7599472,residential,178637377,
New London Road,39.6872870,-75.7595251,primary,178637378,
Welsh Tract Road,39.6522939,-75.7483725,residential,620677740,
Barksdale Road,39.6769984,-75.7846843,tertiary,178637439,
Country Place Drive,39.6780743,-75.7838757,residential,178637446,
Manfield Road,39.6614073,-75.7260227,residential,2780744342,
Meadow Lane,39.6650701,-75.7234973,residential,178670241,
Marrows Road/Manfield Road,39.6625781,-75.7265131,tertiary,2780744374,
Marrows Road,39.6630596,-75.7266891,tertiary,2780744387,
Marrows Road,39.6627257,-75.7265761,tertiary,2780744413,
Manfield Road,39.6619488,-75.7262975,residential,2780744427,
Old Casho Mill Road,39.6901160,-75.7752531,residential,2781498097,
New Casho Mill Road,39.6904157,-75.7760578,tertiary,2781498102,
Shenandoah Drive,39.6938790,-75.7367490,residential,178637621,
n/a,39.6870026,-75.7474324,primary_link,5545118539,
n/a,39.6874061,-75.7472871,primary_link,5545118544,
Capitol Trail,39.6898280,-75.7315150,primary,178670422,
Stafford Avenue,39.6872090,-75.7303070,residential,178670425,
Elkton Road,39.6695260,-75.7715022,primary,178637665,
Kells Avenue,39.6732857,-75.7505075,residential,178703241,
Water Works Lane,39.6716855,-75.7505475,residential,178703242,
Nottingham Road,39.6906686,-75.7767364,primary,2781498311,
Patrick Henry Court,39.6773796,-75.7729325,residential,2781498351,
Panorama Drive,39.6898842,-75.7808612,residential,178670576,
Lafayette Road,39.6852760,-75.7748954,residential,178670765,
Colgate Lane,39.6809360,-75.7747477,residential,178670767,
Stafford Avenue,39.6874470,-75.7272500,residential,178703433,
Woodlawn Avenue,39.6894160,-75.7262140,residential,178703437,
Stafford Avenue,39.6876880,-75.7241210,residential,178703457,
Academy Street,39.6752771,-75.7503899,residential,178637957,
Manuel Street,39.6751732,-75.7473268,residential,178637959,
Haines Street,39.6749824,-75.7456103,residential,178637963,
Kenmar Drive,39.6613040,-75.7329307,residential,178637988,
Kenmar Drive,39.6613578,-75.7319995,residential,178638001,
East Village Road,39.6761536,-75.7294867,residential,178736421,
Hullihen Drive,39.6807773,-75.7643472,residential,178638154,
Rose Street,39.6869581,-75.7578680,residential,178638158,
New London Road,39.6870269,-75.7593749,primary,178638164,
Marrows Road,39.6779001,-75.7293650,tertiary,178670981,
Mercer Drive,39.6656460,-75.7290120,residential,178703769,
Mercer Drive,39.6676790,-75.7293330,residential,178703771,
Station Way,39.6670119,-75.7544574,residential,6093256615,
Chrysler Avenue,39.6703991,-75.7634613,residential,178638399,
Devon Drive,39.6687116,-75.7617640,residential,178638410,
Chaucer Drive,39.6711800,-75.7259830,residential,178638460,
Carlisle Road,39.6730490,-75.7261850,residential,178638461,
Elkton Road,39.6743683,-75.7662326,primary,178704018,
Old East Chestnut Hill Road,39.6566766,-75.7499816,tertiary,3311521467,
Paper Mill Road,39.6980274,-75.7496288,primary,178638689,
Whitechapel Drive,39.6746218,-75.7306036,residential,178737046,
South College Avenue,39.6765379,-75.7535235,primary,178704325,
Orchard Road,39.6765072,-75.7567647,residential,178704326,
Townsend Road,39.6765056,-75.7579985,residential,178704327,
Beverly Road,39.6764954,-75.7591717,residential,178704328,
Apple Road,39.6764748,-75.7611883,residential,178704330,
Barksdale Road,39.6772601,-75.7830862,tertiary,2456019625,
Aronimink Drive,39.6980820,-75.7308020,residential,178638886,
Baylor Drive,39.6880083,-75.7726399,residential,178638901,
Amherst Drive,39.6874068,-75.7734603,residential,178638907,
Vassar Drive,39.6875633,-75.7746250,residential,178638913,
Wilshire Lane,39.6940992,-75.7734101,residential,178737360,
Victoria Court,39.6817371,-75.7450700,residential,1145524451,
West Main Street,39.6827563,-75.7564717,primary,2601214679,
South Chapel Street,39.6600211,-75.7356194,primary,178687373,
South Chapel Street,39.6584730,-75.7350478,primary,178687375,
Thorn Lane,39.6743815,-75.7690768,residential,2601275774,
Christina Mill Drive,39.6696385,-75.7744260,residential,3580715761,
Thorn Lane,39.6753839,-75.7725155,residential,2601275828,
Thorn Lane,39.6759229,-75.7729220,residential,2601275872,
Cobblefield Drive,39.6518357,-75.7593468,residential,620679676,
South Chapel Street,39.6615686,-75.7359968,primary,620745215,
North Chapel Street,39.6865261,-75.7464408,primary,2598294067,
North Chapel Street,39.6866351,-75.7465230,primary,2598294073,
Meriden Drive,39.6934025,-75.7698843,residential,178672187,
Hempsted Drive,39.6966660,-75.7695940,residential,178672192,
Fairfield Drive,39.6970350,-75.7684783,residential,178672198,
Shull Drive,39.6685088,-75.7642379,residential,178639450,
Devon Drive,39.6676267,-75.7630968,residential,178639456,
Darien Road,39.6993935,-75.7728377,residential,178705064,
Darien Road,39.6985608,-75.7723926,residential,178705070,
Ogletown Road,39.6850511,-75.7340068,primary,568218412,
Ogletown Road,39.6851614,-75.7335825,primary,568218414,
Marrows Road,39.6849704,-75.7327121,tertiary,615091696,
Amherst Drive,39.6853054,-75.7738666,residential,178705388,
Marrows Road,39.6839781,-75.7322505,tertiary,2157597699,
Rockmoss Avenue,39.6814139,-75.7760768,residential,178672735,
Kenilworth Avenue,39.6806449,-75.7760504,residential,178672737,
Aster Avenue,39.6798910,-75.7759967,residential,178672739,
Clear Spring Lane,39.6974542,-75.7774475,residential,178640075,
Confluence Court,39.6979300,-75.7765138,residential,178640079,
Point Avenue,39.6952198,-75.7749758,residential,178640115,
Marrows Road,39.6851909,-75.7328945,tertiary,2595116280,
Marrows Road,39.6853206,-75.7329464,tertiary,2595116284,
Delrem Drive,39.6940900,-75.7756673,residential,178640133,
Southway Drive,39.6770410,-75.7265566,residential,2837730567,
Kimberton Drive,39.6751149,-75.7278725,residential,2837730599,
Ogletown Road,39.6846247,-75.7356668,primary,568218953,
Ogletown Road,39.6849217,-75.7348938,primary,568218954,
Kimberton Drive,39.6769263,-75.7261850,residential,178672990,
South College Avenue,39.6800441,-75.7535817,primary,178672994,
Orchard Road,39.6803377,-75.7557624,residential,178672997,
Amstel Avenue,39.6812051,-75.7581902,residential,178672999,
Spring Water Way,39.6915060,-75.7838220,residential,178709409,
Thorn Lane,39.6745740,-75.7686754,residential,178673163,
Elkton Road,39.6734476,-75.7671645,primary,178673165,
Argyle Road,39.6601095,-75.7392647,residential,178673211,
Bobby Drive,39.6586565,-75.7430742,residential,178673215,
Anglin Drive,39.6581326,-75.7444195,residential,178673217,
n/a,39.6662936,-75.7468964,residential,1215944264,
n/a,39.6662705,-75.7471650,residential,1215944265,
Farmer Lane,39.6821280,-75.7432999,residential,3566319008,
Chaucer Drive,39.6716720,-75.7241480,residential,178673317,
Carlisle Road,39.6731970,-75.7243440,residential,178673319,
Radcliffe Drive,39.6872831,-75.7698370,residential,178673330,
Radcliffe Drive,39.6866471,-75.7701402,residential,178673332,
Radcliffe Drive,39.6852030,-75.7707234,residential,178673337,
Radcliffe Drive,39.6826030,-75.7712394,residential,178673340,
Mulberry Road,39.6903240,-75.7244960,residential,178640747,
Hawthorne Avenue,39.6896280,-75.7249310,residential,178640751,
Stafford Avenue,39.6875400,-75.7260480,residential,178640753,
Kells Avenue,39.6732771,-75.7515553,residential,178706366,
Shenandoah Drive,39.6955620,-75.7344670,residential,178673634,
Library Avenue,39.6815863,-75.7363623,primary,568186892,
East Delaware Avenue,39.6816030,-75.7362318,primary,568186894,
Marrows Road,39.6824181,-75.7315093,tertiary,568186907,
Timberline Drive,39.6892165,-75.7781787,residential,178673821,
Panorama Drive,39.6894160,-75.7809904,residential,178673829,
Edjil Drive,39.6534612,-75.7439082,residential,178714997,
Seiber Court,39.6976790,-75.7387200,residential,178706664,
South College Avenue,39.6774841,-75.7535402,primary,178641158,
Orchard Road,39.6774650,-75.7567826,residential,178641159,
Townsend Road,39.6774478,-75.7580265,residential,178641160,
Beverly Road,39.6774471,-75.7588582,residential,178641161,
Apple Road,39.6771498,-75.7615106,residential,178641167,
South Main Street,39.6750271,-75.7652599,primary,5544401197,
West Park Place,39.6748132,-75.7654943,tertiary,5544401210,
West Park Place,39.6749137,-75.7656467,tertiary,5544401211,
West Park Place,39.6747254,-75.7649012,tertiary,5544401212,
Delaware Circle,39.6826191,-75.7408219,residential,2446645593,
Delaware Circle,39.6826143,-75.7407908,residential,2446645594,
South Fawn Drive,39.6806274,-75.7847630,residential,178641345,
Blue Hen Ridge,39.6802748,-75.7829350,residential,178641349,
South Fawn Drive,39.6801971,-75.7819630,residential,178641350,
Blue Hen Ridge,39.6775044,-75.7831804,residential,178674124,
Blue Hen Ridge,39.6780445,-75.7832927,residential,178674126,
Blue Hen Ridge,39.6792831,-75.7830513,residential,178674130,
Blue Hen Ridge,39.6812712,-75.7828900,residential,178674131,
n/a,39.6780827,-75.7627731,tertiary_link,6283770280,
Gill Drive,39.6561409,-75.7387373,residential,178641506,
Bobby Drive,39.6558455,-75.7424542,residential,178641508,
n/a,39.6620282,-75.7614254,residential,2652330687,
Mc Kees Lane,39.6869566,-75.7378914,residential,178707279,
Kollman Drive,39.6612384,-75.7338649,residential,178740105,
Kenmar Drive,39.6614297,-75.7310489,residential,178740107,
South Chapel Street,39.6617080,-75.7362969,primary,778787725,
Panorama Drive,39.6883770,-75.7805061,residential,178674596,
Bellevue Road,39.6515098,-75.7339815,residential,3581041600,
Bellevue Road,39.6517886,-75.7340541,residential,3581041602,
Academy Street,39.6795794,-75.7497027,residential,178674736,
Haines Street,39.6791194,-75.7468932,residential,178674738,
Benny Street,39.6792132,-75.7459633,residential,178674740,
South Chapel Street,39.6794083,-75.7445077,tertiary,178674742,
Kimberton Drive,39.6750315,-75.7278489,residential,178674754,
Lynford Street,39.6745833,-75.7277822,residential,178674756,
Academy Street,39.6743400,-75.7505470,residential,178674805,
Manuel Street,39.6742486,-75.7473738,residential,178674807,
Haines Street,39.6741820,-75.7447460,residential,178674809,
South Chapel Street,39.6745308,-75.7430184,tertiary,178674811,
Research Boulevard,39.6630507,-75.7619571,residential,2652331186,
Spring Water Way,39.6906540,-75.7840320,residential,178707662,
Abbotsford Lane,39.6751210,-75.7851390,residential,178642156,
Farm House Road,39.6934548,-75.7785450,residential,178674951,
Delrem Drive,39.6920778,-75.7759004,residential,178707739,
Westfield Circle,39.6733889,-75.7715918,residential,178674976,
Delaware Circle,39.6825675,-75.7419672,residential,178675012,
Thompson Circle,39.6834705,-75.7387681,residential,1769364886,
Thompson Circle,39.6827163,-75.7393038,residential,1769364893,
Greenway Tu,39.6556142,-75.7728440,residential,3586317738,
Christiana Drive,39.6900890,-75.7585338,residential,178707905,
Research Boulevard,39.6638038,-75.7591632,residential,2652331501,
Arbour Drive,39.6549380,-75.7609060,residential,178642566,
Oriole Drive,39.6556350,-75.7644930,residential,178642575,
Arbour Drive,39.6566210,-75.7682463,residential,178642581,
Queen Anne Drive,39.6841934,-75.7839386,residential,178642830,
Lakeside Drive,39.6872207,-75.7847338,residential,178642837,
Queen Marys Drive,39.6860083,-75.7827230,residential,178642856,
Queen Anne Drive,39.6844269,-75.7817212,residential,178642858,
Hawthorne Avenue,39.6898050,-75.7258430,residential,178642917,
Montvale Road,39.6682840,-75.7303040,residential,178675688,
Bridle Brook Lane,39.7002600,-75.7840773,residential,178642923,
Bridle Brook Lane,39.6995120,-75.7826709,residential,178642931,
Montvale Road,39.6694140,-75.7304600,residential,178675703,
Metten Road,39.6693180,-75.7295140,residential,178675709,
Mercer Drive,39.6691840,-75.7286340,residential,178675713,
Marrows Road,39.6692853,-75.7274807,tertiary,178675714,
Lafayette Road,39.6853401,-75.7717399,residential,178642967,
Dallam Road,39.6868400,-75.7712295,residential,178642972,
Vassar Drive,39.6883938,-75.7753477,residential,178642995,
Kayser Court,39.6827266,-75.7866710,residential,1910005877,
Cirnwallis Square,39.6573653,-75.7490058,residential,3334824197,
n/a,39.6689393,-75.7362885,residential,1225679112,
Hillside Road,39.6816329,-75.7604863,tertiary,178675990,
Wilson Road,39.6837163,-75.7658966,residential,178675996,
Briar Lane,39.6818376,-75.7702350,residential,178676008,
University Drive,39.6520940,-75.7699236,residential,178676025,
West Chestnut Hill Road,39.6538320,-75.7540110,tertiary,178643452,
Old East Chestnut Hill Road,39.6575907,-75.7486986,tertiary,564421140,
Capitol Trail,39.6893350,-75.7329090,primary,178643536,
Woodlawn Avenue,39.6878960,-75.7321920,residential,178643537,
Stafford Avenue,39.6872060,-75.7316960,residential,178643542,
Aldershot Drive,39.6546780,-75.7475406,residential,178666257,
Wilkerdean Drive East,39.6950040,-75.7374680,residential,178643581,
Lena Court,39.6952390,-75.7383720,residential,178643582,
Nonantum Drive,39.6954590,-75.7392900,residential,178643584,
Paper Mill Road,39.6890828,-75.7485405,primary,2597773988,
Creek View Road,39.6890865,-75.7481896,residential,2597773989,
Barksdale Road,39.6772463,-75.7831989,tertiary,2456019624,
Christina Mill Drive,39.6683547,-75.7729273,residential,3580715705,
Christina Mill Drive,39.6684939,-75.7727746,residential,3580715710,
Elkton Road,39.6685812,-75.7726849,primary,3580715714,
Christina Mill Drive,39.6686359,-75.7730218,residential,3580715720,
Christina Mill Drive,39.6687951,-75.7731996,residential,3580715727,
South Main Street,39.6829673,-75.7560309,primary,2601214708,
n/a,39.6580594,-75.7484179,tertiary_link,178676471,
Christina Mill Drive,39.6702230,-75.7757895,residential,3580715791,
South College Avenue,39.6790082,-75.7535620,primary,178643771,
Orchard Road,39.6794490,-75.7562568,residential,178643775,
n/a,39.6946011,-75.7480103,residential,3311199091,
Elkton Road,39.6715805,-75.7692814,primary,540762996,
Register Drive,39.6966306,-75.7485731,residential,3311199138,
Ritter Lane,39.6718540,-75.7580948,residential,178709484,
Heather Court,39.6907156,-75.7629107,residential,178676747,
Barksdale Road,39.6775415,-75.7810837,tertiary,1594123385,
Hillside Road,39.6824985,-75.7599418,tertiary,178677279,
Delrem Drive,39.6921937,-75.7760071,residential,947610827,
Tanglewood Lane,39.6856118,-75.7676921,residential,178677287,
Yale Drive,39.6779548,-75.7395224,residential,178677011,
Duke Street,39.6782995,-75.7379149,residential,178677012,
Wyoming Road,39.6779920,-75.7378121,tertiary,178677019,
Barksdale Road,39.6780820,-75.7772816,tertiary,178644272,
Allison Lane,39.6776960,-75.7772450,residential,178644273,
Julie Lane,39.6760700,-75.7759460,residential,178644284,
Stamford Drive,39.6946501,-75.7663366,residential,178644289,
n/a,39.6652120,-75.7527125,residential,2654365005,
Delrem Drive,39.6934095,-75.7761163,residential,178644313,
n/a,39.6657585,-75.7755047,primary_link,2780751222,
Old East Chestnut Hill Road,39.6569575,-75.7495619,tertiary,178644438,
Old Newark Road,39.6733556,-75.7282115,tertiary,613088174,
Briar Lane,39.6860110,-75.7687677,residential,178677289,
Lafayette Road,39.6853193,-75.7728249,residential,178677306,
Ritter Lane,39.6718270,-75.7608386,residential,178710077,
West Main Street,39.6830661,-75.7565212,primary,178644600,
Otts Chapel Road,39.6508890,-75.7803680,secondary,178628215,
South Chapel Street,39.6612128,-75.7358720,primary,1749280567,
n/a,39.6891865,-75.7592202,residential,1097131842,
Darien Road,39.7002917,-75.7746856,residential,178644827,
n/a,39.6893492,-75.7595274,residential,1097131892,
n/a,39.6671637,-75.7523390,residential,561473397,
Ohio State Drive,39.6526818,-75.7759082,residential,178677632,
Mesa Court,39.6529037,-75.7738897,residential,178677636,
n/a,39.6894081,-75.7594560,residential,1097131912,
Apple Road,39.6791786,-75.7643880,tertiary,1687709594,
Apple Road,39.6792980,-75.7645025,tertiary,1687709604,
South Chapel Street,39.6557168,-75.7341969,primary,178650097,
West Park Place,39.6749754,-75.7655812,tertiary,3273222079,
Ohio State Drive,39.6518349,-75.7755052,residential,178710553,
Ohio State Drive,39.6521919,-75.7758984,residential,178710555,
Christina Mill Drive,39.6702960,-75.7757171,residential,3580717103,
Christina Mill Drive,39.6703525,-75.7756441,residential,3580717111,
n/a,39.6848173,-75.7366819,primary_link,1679059007,
Christina Mill Drive,39.6705166,-75.7744133,residential,3580717128,
Christina Mill Drive,39.6705591,-75.7741916,residential,3580717136,
n/a,39.6820862,-75.7447795,tertiary_link,5935917247,
n/a,39.6819217,-75.7451102,tertiary_link,5935917252,
Farmer Lane,39.6830802,-75.7435439,residential,5935917253,
Lawson Street,39.6883021,-75.7472585,residential,178710770,
South Chapel Street,39.6754649,-75.7433494,tertiary,178639246,
Colorado Drive,39.6522444,-75.7687148,residential,1934289387,
South Main Street,39.6819821,-75.7567969,primary,1687710247,
n/a,39.6753150,-75.7266580,residential,178710281,
South Main Street,39.6820134,-75.7572947,primary,1687710274,
South Main Street,39.6824321,-75.7568437,primary,1687710357,
Arbour Drive,39.6538220,-75.7608080,residential,178645777,
Oriole Drive,39.6547170,-75.7650480,residential,178645787,
Barksdale Road,39.6768205,-75.7856029,tertiary,178645794,
Country Hills Drive,39.6771595,-75.7857470,residential,178645795,
Christiana Drive,39.6907951,-75.7585166,residential,663448444,
Christiana Drive,39.6901688,-75.7570150,residential,663448449,
Sypherd Drive,39.6830390,-75.7665453,residential,178678669,
West Chestnut Hill Road,39.6529060,-75.7559340,tertiary,178645940,
Pennwood Drive,39.6520750,-75.7556720,residential,178645944,
South Main Street,39.6818730,-75.7575874,primary,6219000885,
Millstone Drive,39.6676469,-75.7736603,residential,3580718193,
New Casho Mill Road,39.6888020,-75.7763688,tertiary,178646135,
Pheasant Run,39.6844970,-75.7755252,residential,178646142,
Rahway Drive,39.6822035,-75.7754475,residential,178646144,
Bent Lane,39.6801638,-75.7753619,residential,178646145,
Pickett Lane,39.6791458,-75.7752760,residential,178646146,
Casho Mill Road,39.6770516,-75.7745272,tertiary,178646150,
Casho Mill Road,39.6765691,-75.7742937,tertiary,178646151,
Casho Mill Road,39.6756215,-75.7737918,tertiary,178646154,
Casho Mill Road,39.6748040,-75.7734074,tertiary,178646155,
Casho Mill Road,39.6727167,-75.7723944,tertiary,178646157,
Elkton Road,39.6704433,-75.7706487,primary,178646166,
East Cleveland Avenue,39.6868056,-75.7485701,tertiary,2595253486,
East Cleveland Avenue,39.6871587,-75.7437674,tertiary,2595253495,
East Cleveland Avenue,39.6871936,-75.7459316,tertiary,2595253497,
West Park Place,39.6744379,-75.7534990,tertiary,178646371,
West Park Place,39.6744108,-75.7542403,tertiary,178646372,
Indian Road,39.6745220,-75.7551070,residential,178646375,
Orchard Road,39.6747690,-75.7567720,residential,178646377,
Townsend Road,39.6747605,-75.7579646,residential,178646378,
Beverly Road,39.6747399,-75.7593063,residential,178646379,
Apple Road,39.6747176,-75.7608661,residential,178646380,
Peach Road,39.6746927,-75.7619590,residential,178646382,
Willa Road,39.6746882,-75.7633161,residential,178646387,
Wilshire Lane,39.6945484,-75.7698570,residential,178672190,
West Park Place,39.6748714,-75.7654306,tertiary,178646393,
South College Avenue,39.6742440,-75.7534952,primary,178646400,
Farm House Road,39.6939118,-75.7799295,residential,178646401,
n/a,39.6844339,-75.7370605,primary_link,620752258,
Mc Kees Lane,39.6847236,-75.7376298,residential,620752270,
Robscott Turn,39.6583632,-75.7438279,residential,178646430,
Dekalb Square,39.6561750,-75.7491660,residential,178646433,
Janice Drive,39.6561478,-75.7477423,residential,178646441,
Sanford Drive,39.6563007,-75.7459921,residential,178646444,
Elk Lane,39.6563930,-75.7449430,residential,178646445,
Anglin Drive,39.6564576,-75.7439955,residential,178646447,
Keith Street,39.6738500,-75.7276730,residential,178646451,
Shenandoah Drive,39.6965840,-75.7353900,residential,178646462,
n/a,39.6786642,-75.7355117,primary_link,1513483722,
n/a,39.6615505,-75.7520489,residential,178712026,
South College Avenue,39.6615375,-75.7522349,primary,178712028,
Marvin Drive,39.6614131,-75.7535316,residential,178712029,
Witherspoon Lane,39.6734972,-75.7313242,residential,178712109,
Whitechapel Drive,39.6743290,-75.7315260,residential,178712112,
Kimberton Drive,39.6776486,-75.7253379,residential,178679451,
Westerly Street,39.6766890,-75.7252216,residential,178679452,
South Twin Lakes Boulevard,39.6537387,-75.7837393,residential,3574951594,
South Twin Lakes Boulevard,39.6541772,-75.7844341,residential,3574951597,
Edwards Drive,39.6544622,-75.7849286,residential,3574951600,
North Twin Lakes Boulevard,39.6550957,-75.7858992,residential,3574951605,
Wrightstowne Lane,39.6807276,-75.7448291,residential,3573149406,
Edjil Drive,39.6532730,-75.7461527,residential,178679611,
Allison Lane,39.6773518,-75.7791477,residential,178679658,
Paper Mill Road,39.6895989,-75.7488124,primary,1248489326,
Paper Mill Road,39.6891907,-75.7486056,primary,1248489335,
Nottingham Road,39.6923237,-75.7810675,primary,1514729535,
Timberline Drive,39.6859930,-75.7793353,residential,178647199,
Pagoda Lane,39.6866077,-75.7810284,residential,178647201,
North Wynwyd Drive,39.6875175,-75.7820252,residential,178647209,
South Main Street,39.6768999,-75.7632217,primary,178655948,
Farm House Road,39.6932720,-75.7819439,residential,178647267,
West Cleveland Avenue,39.6856375,-75.7578622,tertiary,5865575130,
O'Daniel Avenue,39.6740144,-75.7700891,residential,178645053,
Science Boulevard,39.6585693,-75.7567160,residential,2780754319,
New London Road,39.6878814,-75.7598041,primary,178666911,
Thompson Circle,39.6835284,-75.7381840,residential,178647527,
Delaware Circle,39.6822540,-75.7397610,residential,178713090,
Pinefield Road,39.6546000,-75.7321360,residential,178713105,
Maplefield Road,39.6548910,-75.7312360,residential,178713106,
Linfield Road,39.6554360,-75.7293570,residential,178713107,
Campfield Road,39.6570860,-75.7288470,residential,178713119,
Mackenzie Drive,39.6736050,-75.7837510,residential,178647700,
Abbotsford Lane,39.6733280,-75.7845700,residential,178647702,
Braemar Drive,39.6730300,-75.7855660,residential,178647705,
n/a,39.6809678,-75.7448864,residential,3810751139,
Stafford Avenue,39.6873690,-75.7283000,residential,178713337,
Chestnut Hill Plaza,39.6607420,-75.7257122,residential,3588322062,
Chestnut Hill Plaza,39.6617465,-75.7247442,residential,3588322069,
Chestnut Hill Plaza,39.6623593,-75.7250385,residential,3588322072,
Chestnut Hill Plaza,39.6627011,-75.7240043,residential,3588322073,
Fall Brooke Road,39.6911229,-75.7365565,residential,3311203161,
n/a,39.6675764,-75.7790153,residential,3659101037,
Cornwall Drive,39.6698590,-75.7653980,residential,178650603,
Apple Road,39.6787663,-75.7637932,tertiary,494433179,
Barksdale Road,39.6783677,-75.7755496,tertiary,178656069,
Devon Drive,39.6679463,-75.7659042,residential,178650611,
Spring Water Way,39.6900314,-75.7843422,residential,178647997,
Dixon Drive,39.6878608,-75.7846396,residential,178648005,
Queen Marys Drive,39.6860350,-75.7847880,residential,178648009,
Queen Anne Drive,39.6845704,-75.7848486,residential,178648013,
Briar Court,39.6831230,-75.7873690,residential,178648022,
Victoria Court,39.6816764,-75.7455228,residential,3810751465,
East Cleveland Avenue,39.6865835,-75.7361777,tertiary,1352135800,
n/a,39.6903173,-75.7261833,residential,1352135804,
Capitol Trail,39.6865818,-75.7360177,primary,1352135813,
Capitol Trail,39.6912676,-75.7267736,primary,1352135826,
Trout Stream Drive,39.6904498,-75.7298097,residential,1352135834,
Capitol Trail,39.6913697,-75.7268376,primary,1352135841,
Mercer Drive,39.6675910,-75.7301980,residential,178713762,
Casho Mill Road,39.6777907,-75.7748741,tertiary,1594127547,
East Delaware Avenue,39.6815336,-75.7368030,primary,1513649447,
South Chapel Street,39.6539723,-75.7336797,primary,1492186424,
Edjil Drive,39.6536094,-75.7419666,residential,178688827,
Gilbert Court,39.6746285,-75.7268653,residential,178648567,
Nottingham Road,39.6927776,-75.7822387,primary,955545103,
Quail Lane,39.6844757,-75.7761441,residential,178714190,
Quail Lane,39.6845210,-75.7782744,residential,178714199,
East Cleveland Avenue,39.6866867,-75.7374422,tertiary,2597779105,
Minquil Drive,39.6541150,-75.7536070,residential,178648787,
Arbour Drive,39.6517050,-75.7605940,residential,178648800,
Highfield Drive,39.6515920,-75.7621340,residential,178648806,
Otts Chapel Road,39.6460510,-75.7796540,secondary,178648825,
Otts Chapel Road,39.6460210,-75.7798140,secondary,178648827,
Old E Chestnut Hill Road,39.6557717,-75.7512955,tertiary,178648848,
West Chestnut Hill Road,39.6556660,-75.7514540,tertiary,178648849,
Library Avenue,39.6789013,-75.7358621,primary,1513486162,
Bobby Drive,39.6573445,-75.7422792,residential,178714630,
Natalie Lane,39.6575567,-75.7398595,residential,178714632,
Cordrey Road,39.6568693,-75.7388389,residential,178714641,
Myers Road,39.6546540,-75.7385298,residential,178714643,
Wilkerdean Drive West,39.6932770,-75.7398020,residential,178681936,
Esmer Court,39.6947560,-75.7395970,residential,178681942,
Vanier Drive,39.6962000,-75.7389850,residential,178681943,
Elma Drive,39.6981900,-75.7361840,residential,178681957,
Lehigh Road,39.6709136,-75.7683383,residential,178714908,
Kenyon Lane,39.6702534,-75.7673500,residential,178714909,
Swarthmore Drive,39.6699534,-75.7668786,residential,178714913,
Shull Drive,39.6700677,-75.7643869,residential,178714918,
Edjil Drive,39.6536803,-75.7411504,residential,178714989,
n/a,39.6831650,-75.7566664,primary_link,778795382,
Lehigh Road,39.6733679,-75.7633142,residential,178682281,
Chrysler Avenue,39.6705510,-75.7630723,residential,178682286,
Paper Mill Road,39.7010460,-75.7479920,primary,178682317,
Lasalle Way,39.7007240,-75.7467250,residential,178682319,
Haines Street,39.6797590,-75.7469870,residential,178650875,
Julie Lane,39.6762640,-75.7781970,residential,178649612,
Montrose Drive,39.6647473,-75.7243454,residential,178649618,
Brookside Boulevard,39.6671890,-75.7247240,residential,178649619,
Meadow Lane,39.6702570,-75.7242830,residential,178649625,
Montrose Drive,39.6704640,-75.7234350,residential,178649626,
n/a,39.6756951,-75.7434316,tertiary_link,6219659835,
Wyoming Road,39.6764657,-75.7432118,tertiary,6219659843,
Ohio State Drive,39.6535750,-75.7764900,residential,178649723,
Wakefield Drive,39.6974820,-75.7596720,residential,178715336,
Lincoln Drive,39.6748764,-75.7669682,residential,178649892,
College Park,39.6762377,-75.7696796,residential,178649911,
Thorn Lane,39.6759475,-75.7699873,residential,178649913,
Broadfield Road,39.6619680,-75.7186920,residential,178649918,
Postfield Road,39.6605470,-75.7244220,residential,178649932,
Manfield Road,39.6602410,-75.7253520,residential,178649934,
Marrows Road,39.6830232,-75.7317913,tertiary,2595099789,
Broadfield Road,39.6597360,-75.7261610,residential,178649938,
Campfield Road,39.6589730,-75.7277190,residential,178649942,
Oakfield Drive,39.6584170,-75.7294270,residential,178649943,
Linfield Road,39.6580860,-75.7304610,residential,178649944,
Richfield Road,39.6578090,-75.7313960,residential,178649945,
Maplefield Road,39.6575430,-75.7323360,residential,178649946,
Pinefield Road,39.6568950,-75.7335810,residential,178649952,
Oakfield Drive,39.6545420,-75.7329020,residential,178649965,
Barksdale Road,39.6784321,-75.7751771,tertiary,2456091553,
n/a,39.6678422,-75.7748731,residential,3586456483,
Hillside Road,39.6829696,-75.7597186,tertiary,178682820,
Aldershot Drive,39.6549736,-75.7442739,residential,178715607,
Chambers Street,39.6767239,-75.7453626,residential,178617349,
South Chapel Street,39.6770341,-75.7439135,tertiary,178617350,
West Delaware Avenue,39.6816084,-75.7552501,primary,1986034698,
North Chapel Street,39.6867555,-75.7466282,primary,178617401,
New London Road,39.6936415,-75.7637216,primary,178650277,
Wakefield Drive,39.6955333,-75.7620541,residential,178650285,
Lynn Drive,39.6965193,-75.7625909,residential,178650288,
Lynn Drive,39.6982020,-75.7647298,residential,178650306,
New London Road,39.6979121,-75.7662744,primary,178650310,
Vanier Drive,39.6990980,-75.7398610,residential,178683145,
Harriet Court,39.6984270,-75.7371290,residential,178683146,
Kimberton Drive,39.6749502,-75.7283376,residential,2837730527,
South Main Street,39.6762320,-75.7638225,primary,5544377722,
South Main Street,39.6765667,-75.7636114,primary,5544377725,
South Main Street,39.6762873,-75.7639651,primary,178716132,
Alexandria Drive,39.6688210,-75.7653920,residential,178650605,
Marrows Road,39.6854287,-75.7329860,tertiary,2595116285,
Quincy Drive,39.6761830,-75.7664807,residential,178617843,
Shull Drive,39.6668873,-75.7679155,residential,178650620,
Alexandria Drive,39.6665183,-75.7690652,residential,178650622,
South College Avenue,39.6591387,-75.7516454,primary,620702308,
Kimberton Drive,39.6750276,-75.7283175,residential,2837730580,
Kenmar Drive,39.6611724,-75.7347973,residential,178650836,
Kollman Drive,39.6585100,-75.7338160,residential,178650844,
South Chapel Street,39.6800765,-75.7446741,tertiary,178650877,
n/a,39.6800575,-75.7306539,tertiary_link,5542674177,
n/a,39.6803966,-75.7305549,tertiary_link,5542674180,
n/a,39.6795432,-75.7323082,tertiary_link,5542674181,
n/a,39.6911190,-75.7499016,residential,3590618931,
Donna Drive,39.6520410,-75.7437304,residential,178716471,
Robscott Turn,39.6589617,-75.7441792,residential,587661180,
Robscott Turn,39.6589933,-75.7440443,residential,587661183,
Robscott Turn,39.6584206,-75.7436805,residential,587661186,
South College Avenue,39.6671500,-75.7528312,primary,178651060,
Discovery Boulevard,39.6631568,-75.7526919,residential,2009595849,
