7002 E Broadway Blvd,32.21976,-110.84333,4.5,175400904,175400912
2970 N Campbell Ave,32.260591,-110.94385,4.5,175291907,360658119
2938 E Grant Rd,32.2500799,-110.92799,4.5,175284459,175166353
311 E Congress St,32.222344831,-110.966800618,4.0,175299327,175294677
756 S Stone Ave,32.2122004,-110.9690903,4.5,1424568066,175237253
151 N Stone Ave,32.223991394,-110.971878052,4.5,175269719,175269721
6450 E Grant Rd,32.25022,-110.85494,4.5,175284459,175166353
130 S Avenida Del Convento,32.21993,-110.98571,4.5,175308232,175308247
1220 E Prince Rd,32.271774,-110.953235,4.0,175270625,175270644
1060 S Kolb Rd,32.208032,-110.8413453,4.0,475497168,175368195
150 N Main Ave,32.22363,-110.975401,4.5,175269719,175269721
1002 N Grande Ave,32.2348699739,-110.989975703,5.0,175269719,175269721
400 N Toole Ave,32.2230921164,-110.96662733,4.0,175282347,175282348
2281 N Oracle Rd,32.24904,-110.97868,4.5,175290295,175328563
2616 N Campbell Ave,32.25457,-110.94361,4.0,175291907,360658119
621 N 4th Ave,32.2294464111,-110.965873718,4.0,175287543,1990548183
1 E Congress,32.22207,-110.97107,4.0,175299327,175294677
1423 W Miracle Mile,32.2607955933,-110.995857239,4.0,175338298,175338310
3843 E Pima St,32.2436999,-110.91047,4.5,175321175,3801416850
2680 N 1st Ave,32.25576,-110.96053,4.0,175287543,1990548183
3301 E Grant Rd,32.2509078979,-110.922294617,4.5,175284459,175166353
5118 S 12th Ave,32.15902,-110.97787,4.0,175287543,1990548183
4500 E Speedway Blvd,32.236046,-110.89662,4.5,175271876,175271862
7131 E Broadway Blvd,32.221358,-110.84,3.5,175400904,175400912
4231 E 22nd St,32.20771,-110.90172,4.0,175286090,175286096
2936 E Broadway Blvd,32.2212324379,-110.927929804,4.0,175400904,175400912
600 N 4th Ave,32.2291485946,-110.965468889,4.0,175287543,1990548183
4775 E Grant Rd,32.25096,-110.89084,4.0,175284459,175166353
5563 E Grant Rd,32.25098,-110.87333,4.0,175284459,175166353
1803 E Prince Rd,32.2735299478,-110.944510811,3.5,175270625,175270644
917 W Prince Rd,32.2714855504,-110.987292948,4.5,175364137,175429953
1450 W Saint Marys Rd,32.229346,-110.9962513,4.5,175299308,175299317
5350 E Broadway Blvd,32.2207955469,-110.877384201,4.0,175400904,175400912
6027 E 22nd St,32.20741,-110.86466,4.0,175286090,175286096
1730 E Speedway Blvd,32.2356872559,-110.94593811,4.0,175271876,175271862
4960 N Sabino Canyon Rd,32.29695,-110.82354,4.0,175342975,175342990
220 S Plumer Ave,32.21946,-110.93985,4.0,355919227,6243619897
876 E University Blvd,32.2313,-110.95814,3.5,360653125,355941216
5055 N Oracle Rd,32.297892,-110.979682,4.0,175290295,175328563
7189 E Speedway Blvd,32.2359367314,-110.838761631,4.0,175271876,175271862
4811 E Sunrise Dr,32.3092151,-110.8902896,4.0,175290508,175290514
6135 E 22nd St,32.20761,-110.86144,4.0,175286090,175286096
6095 E Broadway Blvd,32.22192,-110.86247,3.5,175400904,175400912
1951 W Grant Rd,32.250252,-111.009193,4.0,175343966,1890943299
943 E University Blvd,32.23203,-110.95713,3.5,360653125,355941216
410 N Wilmot Rd,32.2262426,-110.8577251,4.0,175401018,5215677831
5470 E Speedway Blvd,32.235656,-110.876136,4.0,175271876,175271862
4637 E Broadway Blvd,32.2221104,-110.8932629,3.5,175400904,175400912
7026 E Broadway Blvd,32.2203763,-110.8430852,3.5,175400904,175400912
14 W Grant Rd,32.250970003,-110.972973146,4.0,175343966,1890943299
2532 S Kolb Rd,32.19351,-110.84159,3.5,475497168,175368195
5851 N Oracle Rd,32.31322,-110.97873,3.5,175290295,175328563
3114 E Fort Lowell Rd,32.264418,-110.926089,3.5,175382654,1714022080
2702 E Grant Rd,32.24998,-110.93203,4.0,175284459,175166353
4420 N Oracle Rd,32.2871,-110.97759,3.5,175290295,175328563
6541 E Tanque Verde Rd,32.2469476463,-110.853361372,3.0,175272314,175272317
1380 W Grant Rd,32.25082,-110.99483,3.5,175343966,1890943299
1064 North Campbell Ave,32.23524,-110.94367,4.0,175291907,360658119
2908 S 4th Ave,32.1892308002,-110.965340574,3.5,175298838,175298839
3565 E Irvington Rd,32.16367,-110.91631,4.0,175339377,175339364
3132 E Ajo Way,32.17766,-110.92522,4.0,175324834,362732385
1485 W Prince Rd,32.27185,-110.99811,4.0,175364137,175429953
306 N Alvernon Way,32.22553,-110.90934,4.0,175338898,175338910
7848 E Wrightstown Rd,32.2502273843,-110.824381784,3.5,364047086,175498740
7699 E Speedway Blvd,32.2358856201,-110.828361511,3.5,175271876,175271862
6165 East Brdway Blvd,32.2219605395,-110.8604841,3.5,175400904,175400912
4832 S 12th Ave,32.16436,-110.97785,4.0,175287543,1990548183
1 West Congress St,32.2220281,-110.971462727,3.5,175293699,175293706
7600 East Broadway Blvd,32.21969,-110.83024,4.5,175400904,175400912
709 W Starr Pass Blvd,32.2064,-110.98086,3.0,175286128,175425366
7945 E Broadway Blvd,32.22145,-110.8234,3.0,175400904,175400912
5101 E Grant Rd,32.25107,-110.88376,2.5,175284459,175166353
748 W Starr Pass Blvd,32.20717,-110.98093,3.0,175286128,175425366
555 N Fwy,32.2303618139,-110.983737589,2.5,4326513001,4326513028
4400 E Broadway Blvd,32.2510530829,-110.887804963,3.0,175400904,175400912
88 West River Rd,32.297269488,-110.973257124,3.0,175307153,175399160
75 E Pennington St,32.22349,-110.97001,5.0,175311380,175299929
5000 Oracle Rd,32.2977989272,-110.97769035,2.5,175576246,175599437
425 W Irvington Rd,32.1629099,-110.97525,3.5,175329952,175336760
5416 E Pima St,32.243,-110.87741,3.0,175321175,3801416850
3843 E Broadway Blvd,32.2218843,-110.9101589,2.5,175400904,175400912
5665 North Swan Rd,32.3094862012,-110.893181115,3.5,175279717,175282927
544 N Highland Ave,32.228113426,-110.951127679,3.5,175269719,175269721
4187 N Oracle Rd,32.28247,-110.9789,2.5,175290295,175328563
1500 W Grant Rd,32.25094,-110.9988638,2.5,175343966,1890943299
6484 E Broadway Blvd,32.2205675783,-110.855329782,2.0,175400904,175400912
7066 E Golf Links Rd,32.1912590138,-110.84181942,2.5,175464732,5733918219
4040 E 22nd St,32.2066079,-110.9057538,2.5,175286090,175286096
7127 East Tanque,32.2523721435,-110.839876235,2.5,1718344096,2497982783
305 W Grant Rd,32.249889,-110.976966,4.0,175343966,1890943299
4450 1st Ave,32.2875555187,-110.96045997,4.0,1606093658,175341069
501 N Park Ave,32.2281199,-110.95676,3.5,355919227,6243619897
3560 N Craycroft Rd,32.2776939,-110.8751031,2.5,175401011,175307870
4500 N Oracle Rd,32.288979,-110.973996,3.0,175290295,175328563
3702 E Irvington Rd,32.1625269,-110.9138895,2.5,175339377,175339364
7910 E Speedway Blvd,32.2347,-110.82271,3.0,175271876,175271862
565 N Cherry Ave,32.2301454,-110.9482649,3.5,175282347,175282348
934 E Speedway Blvd,32.23569,-110.95707,2.0,175271876,175271862
1302 S Kolb Ave,32.20531,-110.84143,2.5,1737463790,339105254
475 N Granada,32.225749,-110.979408,3.0,175366255,175366271
4949 N Oracle Rd,32.29692,-110.9789,3.0,175290295,175328563
806 E University Blvd,32.2313128043,-110.959013589,3.0,360653125,355941216
3121 N Campbell Ave,32.26368,-110.9442,1.5,175291907,360658119
1535 N Stone Ave,32.2411,-110.97222,3.0,175269719,175269721
1202 W St Marys Rd,32.22988,-110.99,3.0,175404143,175469614
4455 E Broadway Blvd,32.221893,-110.89685,2.5,175400904,175400912
615 N Park,32.22931,-110.95689,3.0,2500914297,175359846
3326 E Grant Rd,32.25011,-110.92191,1.5,175284459,175166353
3397 S 6th Ave,32.1851615906,-110.967826843,2.5,175298838,175298839
6380 E Golf Links Rd,32.1914299,-110.8556,2.5,175464732,5733918219
2929 N Mesa St,32.319748,-110.975548,2.5,175359083,1713053305
1195 S Craycroft Rd,32.20735,-110.87456,1.5,175401011,175307870
1547 W St Marys Rd,32.22799,-110.99749,1.0,175404143,175469614
2933 E Grant Rd,32.2510856991,-110.92783376,4.0,175284459,175166353
1800 E Fort Lowell Rd,32.26469,-110.94483,4.0,175382654,1714022080
3122 N Campbell Ave,32.263634,-110.943201,4.0,175291907,360658119
4802 S 6th Ave,32.1649,-110.96847,4.0,175298838,175298839
430 N Park Ave,32.22728,-110.95606,4.0,355919227,6243619897
7321 E Broadway Blvd,32.2214012146,-110.835952759,4.0,175400904,175400912
1805 E River Rd,32.2880825,-110.945397,3.5,175270625,175270644
5121 E Grant Rd,32.25104,-110.88326,3.5,175284459,175166353
2610 N 1st Ave,32.2543,-110.96058,4.0,175287543,1990548183
446 N Wilmot Rd,32.22649,-110.85734,3.5,175401018,5215677831
6970 E 22nd St,32.2061347961,-110.843101501,4.0,175286090,175286096
4445 E Broadway Blvd,32.22189,-110.89714,4.0,175400904,175400912
1523 W St Marys Rd,32.228301,-110.996862,4.0,175404143,175469614
1118 E 6th St,32.22742,-110.95415,4.0,175204140,3784491697
3607 N Campbell Ave,32.2730101678,-110.946079977,4.0,175291907,360658119
1145 N Alvernon Way,32.237496,-110.909953,3.0,175338898,175338910
5605 E Speedway Blvd,32.2365859,-110.872496,3.5,175271876,175271862
4206 N 1st Ave,32.2831893073,-110.960792666,3.5,175287543,1990548183
10 W Grant Rd,32.250919,-110.972724,4.0,175343966,1890943299
982 E University Blvd,32.2314186096,-110.957000732,4.0,360653125,355941216
2522 E Speedway Blvd,32.23574,-110.93424,3.0,175271876,175271862
7755 E Golf Links Rd,32.19245,-110.82702,3.5,175464732,5733918219
6910 E Tanque Verde Rd,32.2502389544,-110.84483202,3.5,175272314,175272317
7018 E Golf Links Rd,32.1907201896,-110.843645744,4.0,175464732,5733918219
5975 E Speedway Blvd,32.2366369,-110.8649898,3.5,175271876,175271862
400 N Bonita Ave,32.22661,-110.98367,3.5,175174170,370832706
505 E Grant Rd,32.250659,-110.963012,3.5,175284459,175166353
5680 S 12th Ave,32.14957,-110.9782,4.0,175287543,1990548183
2854 E 22nd St,32.20657,-110.93063,3.5,175286090,175286096
2116 W Grant Rd,32.2517,-111.01231,4.0,175343966,1890943299
1030 E Irvington Rd,32.1630211,-110.9553986,4.0,175339377,175339364
2601 E Speedway Blvd,32.2364,-110.93369,4.0,175271876,175271862
5285 E Broadway Blvd,32.2218839,-110.8797206,3.0,175400904,175400912
845 E University Blvd,32.23185,-110.95852,3.0,360653125,355941216
4704 E Sunrise Dr,32.306581,-110.891954,3.0,175290508,175290514
1754 W Ajo Way,32.178314209,-111.002532959,3.5,175324834,362732385
2445 S Craycroft Rd,32.19431,-110.87453,3.0,175401011,175307870
1800 E Fort Lowell Rd,32.26469,-110.94483,4.0,175382654,1714022080
3820 S Palo Verde,32.177383,-110.918222,3.0,175395623,175395629
5256 S Nogales Hwy,32.1567306519,-110.966186523,4.0,175342310,175342293
1160 N Wilmot Rd,32.2369117737,-110.857376099,2.5,175401018,5215677831
1122 E 6th St,32.22742,-110.95405,4.0,175204140,3784491697
6166 E Speedway Blvd,32.2354273349,-110.860751197,3.0,175271876,175271862
2800 N Campbell Ave,32.257564,-110.9438172,2.5,175291907,360658119
3587 E Broadway Rd,32.22207,-110.9164,2.0,175328739,175319034
,32.1474075317,-110.938598633,4.5,1424617028,1424616880
2485 N Swan Rd,32.2518458492,-110.893219736,2.5,175279717,175282927
6370 E Golf Links Rd,32.19139,-110.85622,2.5,175464732,5733918219
3398 S 6th Ave,32.1853714,-110.9686279,2.5,175298838,175298839
1055 N Silverbell Rd,32.23511,-111.00444,2.5,175356886,1230144207
1209 W Irvington Rd,32.16258,-110.99007,2.5,175329952,175336760
7111 E Tanque Verde,32.2513627179,-110.840367079,2.5,175272314,175272317
1350 W Irvington Rd,32.16398,-110.99366,2.5,175329952,175336760
1990 W River Rd,32.30577,-111.00969,2.5,175307153,175399160
4500 N Oracle Rd,32.289082,-110.974083,3.0,175290295,175328563
1303 E University Blvd,32.2325592,-110.9519272,2.5,360653125,355941216
6546 E Tanque Verde Rd,32.24531,-110.85277,2.0,175272314,175272317
356 E Grant Rd,32.24994,-110.96627,2.5,175284459,175166353
180 W Fort Lowell Rd,32.26487,-110.97398,4.5,175382654,1714022080
5870 E Broadway Blvd,32.218519644,-110.865418911,2.5,175400904,175400912
2544 S Kolb Rd,32.192974,-110.841987,2.5,475497168,175368195
5650 S 12th Ave,32.14982,-110.9781,3.5,175287543,1990548183
6202 E Broadway,32.2211,-110.8599,4.0,175328739,175319034
3048 E Broadway Blvd,32.221,-110.92718,3.0,175400904,175400912
4420 North Stone,32.2870877214,-110.969225888,3.5,175278134,175278142
5851 N Oracle Rd,32.31322,-110.97873,3.5,175290295,175328563
1068 E Tucson Marketplace Blvd,32.1856638182,-110.955431578,3.5,5476890767,3727243042
2908 S 4th Ave,32.1892308002,-110.965340574,3.5,175298838,175298839
5101 N Oracle Rd,32.29937,-110.979205,2.5,175290295,175328563
3820 S Palo Verde,32.177383,-110.918222,3.0,175395623,175395629
1160 N Wilmot Rd,32.2369117737,-110.857376099,2.5,175401018,5215677831
4380 E 22nd St,32.2063,-110.89947,2.5,175286090,175286096
5925 E Broadway Blvd,32.22238,-110.8659,3.0,175400904,175400912
5385 S Calle Santa Cruz,32.1536895818,-110.989022507,3.0,175294268,175294272
1380 N Silverbell Rd,32.239187,-111.005493,3.0,175356886,1230144207
565 N Cherry Ave,32.2301454,-110.9482649,3.5,175282347,175282348
1350 W Irvington Rd,32.16398,-110.99366,2.5,175329952,175336760
4120 N Oracle Rd,32.281665802,-110.977386475,2.5,175290295,175328563
4112 E 22nd St,32.20571,-110.90443,2.5,175286090,175286096
3717 S 12th Ave,32.179605,-110.9769386,2.5,175287543,1990548183
880 E 2nd St,32.2554910843,-110.944747925,2.0,175299291,175299293
311 E Congress St,32.222344831,-110.966800618,4.0,175299327,175294677
266 E Congress St,32.22185,-110.96756,4.0,175299327,175294677
58 W Congress St,32.22201,-110.97216,4.5,175293699,175293706
101 E Pennington St,32.2232723693,-110.969684422,4.0,175311380,175299929
130 S Avenida Del Convento,32.21993,-110.98571,4.5,175308232,175308247
1220 E Prince Rd,32.271774,-110.953235,4.0,175270625,175270644
201 N Court Ave,32.22426,-110.97427,4.5,175282347,175282348
350 E Congress St,32.22173,-110.96589,4.0,175299327,175294677
311 N Court Ave,32.22571,-110.97456,3.5,175282347,175282348
400 N Toole Ave,32.2230921164,-110.96662733,4.0,175282347,175282348
403 N 6th Ave,32.2266692765,-110.968847542,4.5,175287543,1990548183
135 S 6th Ave,32.22061,-110.968173,4.0,175298838,175298839
47 N Scott Ave,32.22266,-110.97013,4.0,360196740,175286295
800 E 16th St,32.2144,-110.95925,4.0,175204140,3784491697
2526 E Grant Rd,32.2499199,-110.9344177,4.0,175284459,175166353
1 E Congress,32.22207,-110.97107,4.0,175299327,175294677
4340 N Campbell Ave,32.2859426327,-110.942789737,3.5,175291907,360658119
49 N Scott Ave,32.22267,-110.97013,4.5,360196740,175286295
220 N 4th Ave,32.22435,-110.96533,4.0,175287543,1990548183
6960 E Sunrise Dr,32.30799,-110.8439,4.5,175290508,175290514
2564 E Grant Rd,32.2499542236,-110.933517456,4.0,175284459,175166353
2033 E Speedway Blvd,32.236334,-110.941738,4.0,175271876,175271862
4155 E Grant Rd,32.2510108948,-110.904251099,4.5,175284459,175166353
1702 E Speedway Blvd,32.235704,-110.946571,4.0,175271876,175271862
902 E Broadway Blvd,32.22094,-110.9576,4.0,175400904,175400912
100 S Avenida Del Convento,32.2199927,-110.9855991,3.5,175308232,175308247
533 N 4th Ave,32.22848,-110.96602,3.5,175287543,1990548183
4660 E Camp Lowell Dr,32.26499,-110.89309,4.5,175386801,175386804
54 W Congress St,32.2218463148,-110.972285495,4.0,175293699,175293706
316 E Congress St,32.2220392159,-110.966578809,4.5,175299327,175294677
137 E Congress St,32.22223,-110.96883,4.0,175299327,175294677
50 E Broadway Blvd,32.22097,-110.970157,3.5,175400904,175400912
139 S Eastbourne,32.2207645,-110.9276767,4.5,175396428,175396431
2735 W Anklam Rd,32.224613,-111.025362,4.0,175306605,175306615
7000 E Tanque Verde Rd,32.24985,-110.84199,4.0,175272314,175272317
5870 E Broadway Blvd,32.2204078224,-110.865271724,3.5,175400904,175400912
150 S Kolb Rd,32.21953,-110.84132,4.5,475497168,175368195
6958 E Tanque Verde Rd,32.2501831502,-110.843285322,4.0,175272314,175272317
135 E Congress St,32.22223,-110.96896,4.0,175299327,175294677
429 N 4th Ave,32.2271000764,-110.965732553,4.0,175287543,1990548183
4340 N Campbell Ave,32.2855746968,-110.942526342,3.5,175291907,360658119
870 E University Blvd,32.2313,-110.95847,4.0,360653125,355941216
424 N 4th Ave,32.22708,-110.96518,4.0,175287543,1990548183
600 N 4th Ave,32.2291485946,-110.965468889,4.0,175287543,1990548183
47 N 6th Ave,32.2228063545,-110.968643054,4.0,175287543,1990548183
250 S Craycroft Rd,32.2187703908,-110.875794366,4.0,175401011,175307870
101 E Pennington St - Basement,32.2233821147,-110.969649893,4.5,175311380,175299929
2905 E Speedway Blvd,32.2364346302,-110.929216733,4.5,175271876,175271862
2900 N Swan Rd,32.26021,-110.89211,4.0,175279717,175282927
874 E University Blvd,32.2314846722,-110.958296768,3.5,360653125,355941216
6450 E Grant Rd,32.25022,-110.85494,4.5,175284459,175166353
538 E 9th St,32.22355,-110.9629,4.0,175204140,3784491697
311 E Congress St,32.22238,-110.96673,4.0,175299327,175294677
6060 N Oracle Rd,32.316615,-110.975205,3.5,175290295,175328563
6546 E Tanque Verde Rd,32.245697,-110.852517,4.0,175272314,175272317
1929 E Grant Rd,32.2506,-110.94278,4.0,175284459,175166353
2990 N Campbell Ave,32.26103,-110.94365,4.0,175291907,360658119
30 S Arizona Ave,32.2217370341,-110.967768838,4.0,356654604,1712110183
5605 E River Rd,32.2752407,-110.873144,4.0,175270625,175270644
876 E University Blvd,32.2313,-110.95814,3.5,360653125,355941216
1745 E River Rd,32.28874,-110.94584,4.0,175270625,175270644
6320 E Tanque Verde Rd,32.24257,-110.85653,4.0,175272314,175272317
6502 E Tanque Verde Rd,32.24516,-110.85392,4.5,175272314,175272317
416 E 9th St,32.2237091569,-110.965044347,4.5,175204140,3784491697
210 W Drachman St,32.23978,-110.97526,4.0,570528397,175370279
236 S Scott Ave,32.2187229,-110.9699725,4.0,175298838,175298839
118 E Congress St,32.2218215039,-110.969250732,3.5,175299327,175294677
4625 E Broadway Blvd,32.22221,-110.89374,3.0,175400904,175400912
350 N 4th Ave,32.2262185,-110.9655644,3.5,175287543,1990548183
3143 E Speedway Blvd,32.23644,-110.92521,4.0,175271876,175271862
943 E University Blvd,32.23203,-110.95713,3.5,360653125,355941216
256 E Congress St,32.2219565069,-110.967801279,3.5,175299327,175294677
278 E Congress St,32.221923,-110.967281,3.5,175299327,175294677
1003 N Stone Ave,32.234522,-110.97222,4.0,175269719,175269721
3645 W Starr Pass Blvd,32.208908,-111.043085,4.0,175286128,175425366
2201 E River Rd,32.28701,-110.9383,3.0,175270625,175270644
201 N Court Ave,32.22426,-110.97427,4.5,175282347,175282348
2041 S Craycroft Rd,32.19785,-110.87453,3.5,175401011,175307870
14 S Arizona Ave,32.22177,-110.96794,4.0,356654604,1712110183
2501 E 6th St,32.2281048,-110.935187,3.5,175204140,3784491697
536 N 4th Ave,32.22872,-110.96513,3.5,175287543,1990548183
2960 N Campbell Ave,32.2604866028,-110.943649292,3.0,175291907,360658119
2200 E Elm St,32.2425137479,-110.939492153,4.0,175382485,175349899
350 E Congress St,32.221753,-110.966236,4.0,175299327,175294677
4717 E Sunrise Dr,32.3094619608,-110.891862019,3.5,175290508,175290514
305 N 4th Ave,32.2253799438,-110.965995789,3.5,175287543,1990548183
2910 E Fort Lowell Rd,32.264503479,-110.928833008,4.0,175382654,1714022080
1021 N Wilmot St,32.23488,-110.85832,4.0,175401018,5215677831
942 E University Blvd,32.231462,-110.957245,4.0,360653125,355941216
250 S Craycroft Rd,32.21875,-110.8759,3.5,175401011,175307870
7080 E 22nd St,32.20474,-110.84144,3.0,175286090,175286096
3790 E Irvington Rd,32.1627388,-110.911712646,3.5,175339377,175339364
6910 E Tanque Verde Rd,32.2502389544,-110.84483202,3.5,175272314,175272317
1062 S Wilmot Rd,32.2084083557,-110.858627319,4.5,175354277,175354279
746 East Fort Lowell,32.26428,-110.96,5.0,175382654,1714022080
7856 E Wrightstown Rd,32.24957,-110.82569,3.5,364047086,175498740
63 E Congress,32.2222,-110.97004,4.0,175299327,175294677
4420 N Oracle Rd,32.2871,-110.97759,3.5,175290295,175328563
450 N 6th Ave,32.22748,-110.96823,4.0,175287543,1990548183
2190 N Wilmot Rd,32.24861,-110.85748,4.0,175401018,5215677831
3655 E Speedway Blvd,32.2364017719,-110.914786644,3.5,175271876,175271862
5870 E Broadway Blvd,32.21986,-110.86599,4.5,175400904,175400912
198 W Cushing St,32.2166862488,-110.97303772,3.5,175274315,175274321
3940 E 29th St,32.1993942261,-110.907417297,4.5,175204140,3784491697
5252 S Mission Rd,32.1575234,-111.0083956,4.0,175019822,1719426621
3100 E Speedway Blvd,32.2357497851,-110.926602781,3.0,175271876,175271862
4999 N Sabino Canyon Rd,32.2969302141,-110.824564844,4.0,175342975,175342990
6866 E Sunrise Dr,32.3079125076,-110.845697495,3.5,175290508,175290514
513 N 4th Ave,32.22816,-110.96587,3.5,175287543,1990548183
2900 E Broadway Blvd,32.2205876957,-110.929899719,4.5,175400904,175400912
2075 W Grant Rd,32.25026,-111.0114,3.5,175343966,1890943299
2617 N 1st Ave,32.2544072311,-110.961427,4.0,175287543,1990548183
1175 W Miracle Mile,32.26066,-110.99067,3.5,175338298,175338310
345 E Congress St,32.2219143,-110.9653446,2.5,175299327,175294677
401 E 9th St,32.2239735253,-110.965413522,3.0,175204140,3784491697
238 N 4th Ave,32.22474,-110.96513,4.0,175287543,1990548183
616 N 4th Ave,32.2295191,-110.9654929,3.5,175287543,1990548183
6090 N Oracle Rd,32.31661,-110.9752,3.5,175290295,175328563
2802 E Grant Rd,32.2500953674,-110.930915833,4.0,175284459,175166353
3325 N. First Avenue,32.2674518,-110.9611989,4.0,1606093658,175341069
1632 S 4th Ave,32.2018623352,-110.965751648,4.5,175298838,175298839
3501 E Fort Lowell Rd,32.26546,-110.91767,3.0,175382654,1714022080
5050 E Speedway Blvd,32.23564,-110.88437,4.0,175271876,175271862
1390 E Tucson Marketplace Blvd,32.1858705,-110.9509676,3.0,5476890767,3727243042
7280 E Broadway Blvd,32.2205997635,-110.837971475,3.5,175400904,175400912
5150 E Broadway Blvd,32.22107,-110.88217,2.5,175400904,175400912
4433 N 1st Ave,32.28739,-110.96161,4.5,175287543,1990548183
306 N Alvernon Way,32.22553,-110.90934,4.0,175338898,175338910
417 N 4th Ave,32.22685,-110.96593,5.0,175287543,1990548183
4329 N Oracle Rd,32.285293,-110.978838,2.5,175290295,175328563
2402 N Campbell Ave,32.2505188,-110.9438171,4.0,175291907,360658119
140 S Kolb Rd,32.2196099904,-110.841520093,4.5,475497168,175368195
1302 W Roger Rd,32.2796600925,-110.993241929,4.5,175307153,175399160
4880 E 22nd St,32.206315,-110.887843,3.5,175286090,175286096
4603 E Speedway Blvd,32.2364865183,-110.894551058,5.0,175271876,175271862
7215 E 22nd St,32.2067249,-110.8383952,5.0,175286090,175286096
3306 N 1st Ave,32.26668,-110.96056,3.5,175287543,1990548183
6555 E Speedway Blvd,32.23621,-110.85319,3.5,175271876,175271862
1800 E Speedway Blvd,32.235782,-110.945105,3.0,175271876,175271862
5954 E Speedway Blvd,32.23578,-110.86526,4.0,175271876,175271862
3686 E Speedway Blvd,32.23585,-110.9136,4.0,175271876,175271862
3700 N Oracle Rd,32.27396,-110.97726,3.5,175290295,175328563
,32.2158889771,-110.968955994,4.0,175320830,175320849
1900 East Speedway Blvd,32.235694,-110.943389,4.0,175271876,175271862
7101 E 22nd St,32.2068965509,-110.840571813,3.0,175286090,175286096
247 N 4th Ave,32.2249010413,-110.965733911,2.5,175287543,1990548183
8150 E 22nd St,32.2052524106,-110.819273447,4.5,175286090,175286096
7930 E Speedway Blvd,32.23471,-110.82271,3.5,175271876,175271862
1970 W River Rd,32.306612,-111.009293,3.5,175307153,175399160
5421 S Calle Santa Cruz,32.1529875209,-110.990127201,2.5,175294268,175294272
5870 E Broadway,32.219477,-110.865884,2.5,175328739,175319034
5501 N Hacienda Del Sol Rd,32.3081777431,-110.914286487,3.5,175267599,175267601
3540 E Grant Rd,32.250074,-110.916989,3.5,175284459,175166353
6510 E Tanque Verde Rd,32.2450790405,-110.853775024,3.0,175272314,175272317
4980 E 22nd St,32.2063598633,-110.88583374,5.0,175286090,175286096
3727 S Palo Verde Rd,32.1792,-110.91724,5.0,175395623,175395629
930 E Ft Lowell Rd,32.2650375366,-110.957839966,3.5,175382654,1714022080
2000 N Oracle Rd,32.2462414114,-110.977597274,4.0,175290295,175328563
800 E University Blvd,32.2315439,-110.959311,3.0,360653125,355941216
5769 E Speedway Blvd,32.23649,-110.8691,3.5,175271876,175271862
4635 N Flowing Wells Rd,32.2910652161,-110.995628357,3.5,3248810905,175268112
350 Congress St,32.2216481,-110.9659231,3.0,175299327,175294677
2747 Stone,32.25705,-110.97259,4.5,175541014,175268075
1180 S Kolb Rd,32.20738,-110.84142,4.0,475497168,175368195
2422 N Pantano Rd,32.2512217,-110.82278,3.0,175366255,175366271
3800 W Starr Pass Blvd,32.2159294,-111.0501752,3.0,175286128,175425366
521 N 4th Ave,32.2283267732,-110.965802213,5.0,175287543,1990548183
5151 E Grant Rd,32.25167,-110.88274,4.0,175284459,175166353
1908 S Country Club Rd,32.199321,-110.9269921,3.5,175353053,175353058
1390 W Irvington Rd,32.163768,-110.994383,2.0,175329952,175336760
121 E Congress St,32.2222137451,-110.969184875,2.5,175299327,175294677
5801 S Palo Verde Rd,32.14673,-110.91732,3.5,175395623,175395629
2812 W Alvaro Rd,32.1449584961,-111.027008057,5.0,175297809,175297812
673 S Plumer Ave,32.2130317688,-110.93926239,4.0,355919227,6243619897
2449 N Stone Ave,32.25199,-110.97225,3.0,175269719,175269721
5425 N Kolb Rd,32.305479311,-110.844553672,3.5,175349468,175305084
347 N 4th Ave,32.2261759,-110.9656012,2.5,175287543,1990548183
2048 E Irvington Rd,32.162783,-110.941035,2.5,175339377,175339364
3000 S Mission Rd,32.1873664856,-111.001823425,3.0,175019822,1719426621
628 N 4th Ave,32.22974,-110.96517,4.5,175287543,1990548183
7203 E Golf Links Rd,32.19302,-110.8393,2.5,175464732,5733918219
2101 S Alvernon Way,32.1973075867,-110.909011841,4.0,175275028,175275063
1239 N 6th Ave,32.23825,-110.96918,3.5,175287543,1990548183
1110 S Sherwood Village Dr,32.20745,-110.82037,3.0,175401050,175351350
2320 N Silverbell Rd,32.249617,-111.012282,2.5,175356886,1230144207
6925 E Broadway Blvd,32.2214699,-110.84403,3.5,175400904,175400912
5555 E River Rd,32.2746799,-110.87376,4.5,175270625,175270644
5150 N La Cholla Blvd,32.300499,-111.011406,3.5,175284448,3500708141
213 N 4th Ave,32.224369,-110.9664383,2.0,175287543,1990548183
1601 S Alvernon Way,32.2032814026,-110.909095764,5.0,175275028,175275063
3800 W Starr Pass Blvd,32.2154810134,-111.049878962,3.0,175286128,175425366
3800 East Sunrise Dr,32.31472,-110.9155,4.0,175290508,175290514
1112 S Wilmot Rd,32.20753,-110.85842,4.5,175354277,175354279
475 N Granada,32.225749,-110.979408,3.0,175366255,175366271
6951 E 22nd St,32.20704,-110.84354,2.5,175286090,175286096
3620 N 1st Ave,32.27284,-110.96005,2.5,175287543,1990548183
247 W Grant Rd,32.24997,-110.976253,2.5,175343966,1890943299
880 E 2nd St,32.23249,-110.95828,5.0,175299291,175299293
1310 S Alvernon Way,32.20587,-110.91009,4.0,175275028,175275063
5851 E Speedway Blvd,32.236839,-110.867236,3.0,175271876,175271862
5140 N La Cholla Blvd,32.3002433777,-111.011123657,3.0,175284448,3500708141
3820 East Cll Guaymas,32.22767,-110.91094,5.0,175287424,175287430
2721 E Grant Rd,32.250777,-110.931616,1.0,175284459,175166353
1601 N Oracle Rd,32.24154,-110.97953,1.0,175290295,175328563
1310 S Alvernon Way,32.20587,-110.91009,1.0,175275028,175275063
311 E Congress St,32.222344831,-110.966800618,4.0,175299327,175294677
266 E Congress St,32.22185,-110.96756,4.0,175299327,175294677
58 W Congress St,32.22201,-110.97216,4.5,175293699,175293706
101 E Pennington St,32.2232723693,-110.969684422,4.0,175311380,175299929
130 S Avenida Del Convento,32.21993,-110.98571,4.5,175308232,175308247
1220 E Prince Rd,32.271774,-110.953235,4.0,175270625,175270644
201 N Court Ave,32.22426,-110.97427,4.5,175282347,175282348
350 E Congress St,32.22173,-110.96589,4.0,175299327,175294677
311 N Court Ave,32.22571,-110.97456,3.5,175282347,175282348
400 N Toole Ave,32.2230921164,-110.96662733,4.0,175282347,175282348
403 N 6th Ave,32.2266692765,-110.968847542,4.5,175287543,1990548183
135 S 6th Ave,32.22061,-110.968173,4.0,175298838,175298839
47 N Scott Ave,32.22266,-110.97013,4.0,360196740,175286295
800 E 16th St,32.2144,-110.95925,4.0,175204140,3784491697
2526 E Grant Rd,32.2499199,-110.9344177,4.0,175284459,175166353
1 E Congress,32.22207,-110.97107,4.0,175299327,175294677
4340 N Campbell Ave,32.2859426327,-110.942789737,3.5,175291907,360658119
49 N Scott Ave,32.22267,-110.97013,4.5,360196740,175286295
220 N 4th Ave,32.22435,-110.96533,4.0,175287543,1990548183
6960 E Sunrise Dr,32.30799,-110.8439,4.5,175290508,175290514
2564 E Grant Rd,32.2499542236,-110.933517456,4.0,175284459,175166353
2033 E Speedway Blvd,32.236334,-110.941738,4.0,175271876,175271862
4155 E Grant Rd,32.2510108948,-110.904251099,4.5,175284459,175166353
1702 E Speedway Blvd,32.235704,-110.946571,4.0,175271876,175271862
3230 N Dodge Blvd,32.2660140991,-110.913848877,4.5,175277346,175277350
902 E Broadway Blvd,32.22094,-110.9576,4.0,175400904,175400912
100 S Avenida Del Convento,32.2199927,-110.9855991,3.5,175308232,175308247
533 N 4th Ave,32.22848,-110.96602,3.5,175287543,1990548183
4660 E Camp Lowell Dr,32.26499,-110.89309,4.5,175386801,175386804
54 W Congress St,32.2218463148,-110.972285495,4.0,175293699,175293706
316 E Congress St,32.2220392159,-110.966578809,4.5,175299327,175294677
137 E Congress St,32.22223,-110.96883,4.0,175299327,175294677
50 E Broadway Blvd,32.22097,-110.970157,3.5,175400904,175400912
139 S Eastbourne,32.2207645,-110.9276767,4.5,175396428,175396431
2735 W Anklam Rd,32.224613,-111.025362,4.0,175306605,175306615
7000 E Tanque Verde Rd,32.24985,-110.84199,4.0,175272314,175272317
5870 E Broadway Blvd,32.2204078224,-110.865271724,3.5,175400904,175400912
4500 E Speedway Blvd,32.2350029631,-110.89640556,5.0,175271876,175271862
150 S Kolb Rd,32.21953,-110.84132,4.5,475497168,175368195
6958 E Tanque Verde Rd,32.2501831502,-110.843285322,4.0,175272314,175272317
135 E Congress St,32.22223,-110.96896,4.0,175299327,175294677
429 N 4th Ave,32.2271000764,-110.965732553,4.0,175287543,1990548183
4340 N Campbell Ave,32.2855746968,-110.942526342,3.5,175291907,360658119
870 E University Blvd,32.2313,-110.95847,4.0,360653125,355941216
424 N 4th Ave,32.22708,-110.96518,4.0,175287543,1990548183
600 N 4th Ave,32.2291485946,-110.965468889,4.0,175287543,1990548183
47 N 6th Ave,32.2228063545,-110.968643054,4.0,175287543,1990548183
250 S Craycroft Rd,32.2187703908,-110.875794366,4.0,175401011,175307870
101 E Pennington St - Basement,32.2233821147,-110.969649893,4.5,175311380,175299929
2905 E Speedway Blvd,32.2364346302,-110.929216733,4.5,175271876,175271862
2900 N Swan Rd,32.26021,-110.89211,4.0,175279717,175282927
874 E University Blvd,32.2314846722,-110.958296768,3.5,360653125,355941216
6450 E Grant Rd,32.25022,-110.85494,4.5,175284459,175166353
538 E 9th St,32.22355,-110.9629,4.0,175204140,3784491697
445 N 3rd Ave,32.22737,-110.96426,5.0,361579214,175270542
311 E Congress St,32.22238,-110.96673,4.0,175299327,175294677
6060 N Oracle Rd,32.316615,-110.975205,3.5,175290295,175328563
1801 North Stone Ave,32.24428,-110.97253,3.5,175269719,175269721
6546 E Tanque Verde Rd,32.245697,-110.852517,4.0,175272314,175272317
1929 E Grant Rd,32.2506,-110.94278,4.0,175284459,175166353
2990 N Campbell Ave,32.26103,-110.94365,4.0,175291907,360658119
30 S Arizona Ave,32.2217370341,-110.967768838,4.0,356654604,1712110183
5605 E River Rd,32.2752407,-110.873144,4.0,175270625,175270644
876 E University Blvd,32.2313,-110.95814,3.5,360653125,355941216
1745 E River Rd,32.28874,-110.94584,4.0,175270625,175270644
318 E Congress St,32.2219352722,-110.966415405,4.0,175299327,175294677
6320 E Tanque Verde Rd,32.24257,-110.85653,4.0,175272314,175272317
6502 E Tanque Verde Rd,32.24516,-110.85392,4.5,175272314,175272317
416 E 9th St,32.2237091569,-110.965044347,4.5,175204140,3784491697
210 W Drachman St,32.23978,-110.97526,4.0,570528397,175370279
236 S Scott Ave,32.2187229,-110.9699725,4.0,175298838,175298839
118 E Congress St,32.2218215039,-110.969250732,3.5,175299327,175294677
4625 E Broadway Blvd,32.22221,-110.89374,3.0,175400904,175400912
350 N 4th Ave,32.2262185,-110.9655644,3.5,175287543,1990548183
17 W Congress St,32.22219,-110.97194,4.0,175293699,175293706
3143 E Speedway Blvd,32.23644,-110.92521,4.0,175271876,175271862
943 E University Blvd,32.23203,-110.95713,3.5,360653125,355941216
256 E Congress St,32.2219565069,-110.967801279,3.5,175299327,175294677
278 E Congress St,32.221923,-110.967281,3.5,175299327,175294677
1003 N Stone Ave,32.234522,-110.97222,4.0,175269719,175269721
3645 W Starr Pass Blvd,32.208908,-111.043085,4.0,175286128,175425366
2201 E River Rd,32.28701,-110.9383,3.0,175270625,175270644
201 N Court Ave,32.22426,-110.97427,4.5,175282347,175282348
2041 S Craycroft Rd,32.19785,-110.87453,3.5,175401011,175307870
14 S Arizona Ave,32.22177,-110.96794,4.0,356654604,1712110183
2501 E 6th St,32.2281048,-110.935187,3.5,175204140,3784491697
536 N 4th Ave,32.22872,-110.96513,3.5,175287543,1990548183
2960 N Campbell Ave,32.2604866028,-110.943649292,3.0,175291907,360658119
2200 E Elm St,32.2425137479,-110.939492153,4.0,175382485,175349899
350 E Congress St,32.221753,-110.966236,4.0,175299327,175294677
4717 E Sunrise Dr,32.3094619608,-110.891862019,3.5,175290508,175290514
305 N 4th Ave,32.2253799438,-110.965995789,3.5,175287543,1990548183
2910 E Fort Lowell Rd,32.264503479,-110.928833008,4.0,175382654,1714022080
1021 N Wilmot St,32.23488,-110.85832,4.0,175401018,5215677831
942 E University Blvd,32.231462,-110.957245,4.0,360653125,355941216
250 S Craycroft Rd,32.21875,-110.8759,3.5,175401011,175307870
7080 E 22nd St,32.20474,-110.84144,3.0,175286090,175286096
3790 E Irvington Rd,32.1627388,-110.911712646,3.5,175339377,175339364
6910 E Tanque Verde Rd,32.2502389544,-110.84483202,3.5,175272314,175272317
1062 S Wilmot Rd,32.2084083557,-110.858627319,4.5,175354277,175354279
746 East Fort Lowell,32.26428,-110.96,5.0,175382654,1714022080
7856 E Wrightstown Rd,32.24957,-110.82569,3.5,364047086,175498740
63 E Congress,32.2222,-110.97004,4.0,175299327,175294677
4420 N Oracle Rd,32.2871,-110.97759,3.5,175290295,175328563
450 N 6th Ave,32.22748,-110.96823,4.0,175287543,1990548183
505 W Miracle Mile,32.2607993,-110.980575095,3.5,175338298,175338310
2190 N Wilmot Rd,32.24861,-110.85748,4.0,175401018,5215677831
3655 E Speedway Blvd,32.2364017719,-110.914786644,3.5,175271876,175271862
5870 E Broadway Blvd,32.21986,-110.86599,4.5,175400904,175400912
198 W Cushing St,32.2166862488,-110.97303772,3.5,175274315,175274321
3940 E 29th St,32.1993942261,-110.907417297,4.5,175204140,3784491697
5252 S Mission Rd,32.1575234,-111.0083956,4.0,175019822,1719426621
3100 E Speedway Blvd,32.2357497851,-110.926602781,3.0,175271876,175271862
2900 E Broadway Blvd,32.220554,-110.929296,3.5,175400904,175400912
4999 N Sabino Canyon Rd,32.2969302141,-110.824564844,4.0,175342975,175342990
414 E 9th St,32.2236856484,-110.965098745,4.5,175204140,3784491697
6866 E Sunrise Dr,32.3079125076,-110.845697495,3.5,175290508,175290514
513 N 4th Ave,32.22816,-110.96587,3.5,175287543,1990548183
2900 E Broadway Blvd,32.2205876957,-110.929899719,4.5,175400904,175400912
2075 W Grant Rd,32.25026,-111.0114,3.5,175343966,1890943299
2617 N 1st Ave,32.2544072311,-110.961427,4.0,175287543,1990548183
1175 W Miracle Mile,32.26066,-110.99067,3.5,175338298,175338310
3115 E Prince Rd,32.27287,-110.9262,3.5,175270625,175270644
345 E Congress St,32.2219143,-110.9653446,2.5,175299327,175294677
401 E 9th St,32.2239735253,-110.965413522,3.0,175204140,3784491697
238 N 4th Ave,32.22474,-110.96513,4.0,175287543,1990548183
616 N 4th Ave,32.2295191,-110.9654929,3.5,175287543,1990548183
6090 N Oracle Rd,32.31661,-110.9752,3.5,175290295,175328563
2802 E Grant Rd,32.2500953674,-110.930915833,4.0,175284459,175166353
3325 N. First Avenue,32.2674518,-110.9611989,4.0,1606093658,175341069
1632 S 4th Ave,32.2018623352,-110.965751648,4.5,175298838,175298839
3501 E Fort Lowell Rd,32.26546,-110.91767,3.0,175382654,1714022080
5050 E Speedway Blvd,32.23564,-110.88437,4.0,175271876,175271862
1390 E Tucson Marketplace Blvd,32.1858705,-110.9509676,3.0,5476890767,3727243042
7280 E Broadway Blvd,32.2205997635,-110.837971475,3.5,175400904,175400912
5150 E Broadway Blvd,32.22107,-110.88217,2.5,175400904,175400912
4433 N 1st Ave,32.28739,-110.96161,4.5,175287543,1990548183
306 N Alvernon Way,32.22553,-110.90934,4.0,175338898,175338910
417 N 4th Ave,32.22685,-110.96593,5.0,175287543,1990548183
4329 N Oracle Rd,32.285293,-110.978838,2.5,175290295,175328563
2402 N Campbell Ave,32.2505188,-110.9438171,4.0,175291907,360658119
140 S Kolb Rd,32.2196099904,-110.841520093,4.5,475497168,175368195
1302 W Roger Rd,32.2796600925,-110.993241929,4.5,175307153,175399160
4880 E 22nd St,32.206315,-110.887843,3.5,175286090,175286096
31 E Toole Ave,32.2263793945,-110.971008301,4.5,175357646,175381305
101 E Pennington St,32.2233807,-110.9696917,3.5,175311380,175299929
4603 E Speedway Blvd,32.2364865183,-110.894551058,5.0,175271876,175271862
7215 E 22nd St,32.2067249,-110.8383952,5.0,175286090,175286096
3306 N 1st Ave,32.26668,-110.96056,3.5,175287543,1990548183
6555 E Speedway Blvd,32.23621,-110.85319,3.5,175271876,175271862
191 E Toole Ave,32.2250786,-110.9689865,4.5,175357646,175381305
1800 E Speedway Blvd,32.235782,-110.945105,3.0,175271876,175271862
5954 E Speedway Blvd,32.23578,-110.86526,4.0,175271876,175271862
4349 E Broadway Blvd,32.22189,-110.89909,5.0,175400904,175400912
3686 E Speedway Blvd,32.23585,-110.9136,4.0,175271876,175271862
3700 N Oracle Rd,32.27396,-110.97726,3.5,175290295,175328563
260 South Church Ave,32.21789,-110.97464,3.5,175294679,175307246
,32.2158889771,-110.968955994,4.0,175320830,175320849
6622 E Tanque Verde Rd,32.2468528748,-110.850502014,3.5,175272314,175272317
136 N Park Ave,32.2234649658,-110.956138611,3.5,355919227,6243619897
1900 East Speedway Blvd,32.235694,-110.943389,4.0,175271876,175271862
7101 E 22nd St,32.2068965509,-110.840571813,3.0,175286090,175286096
247 N 4th Ave,32.2249010413,-110.965733911,2.5,175287543,1990548183
8150 E 22nd St,32.2052524106,-110.819273447,4.5,175286090,175286096
7930 E Speedway Blvd,32.23471,-110.82271,3.5,175271876,175271862
1970 W River Rd,32.306612,-111.009293,3.5,175307153,175399160
5421 S Calle Santa Cruz,32.1529875209,-110.990127201,2.5,175294268,175294272
5870 E Broadway,32.219477,-110.865884,2.5,175328739,175319034
5501 N Hacienda Del Sol Rd,32.3081777431,-110.914286487,3.5,175267599,175267601
3540 E Grant Rd,32.250074,-110.916989,3.5,175284459,175166353
6510 E Tanque Verde Rd,32.2450790405,-110.853775024,3.0,175272314,175272317
4980 E 22nd St,32.2063598633,-110.88583374,5.0,175286090,175286096
3727 S Palo Verde Rd,32.1792,-110.91724,5.0,175395623,175395629
930 E Ft Lowell Rd,32.2650375366,-110.957839966,3.5,175382654,1714022080
2000 N Oracle Rd,32.2462414114,-110.977597274,4.0,175290295,175328563
800 E University Blvd,32.2315439,-110.959311,3.0,360653125,355941216
5769 E Speedway Blvd,32.23649,-110.8691,3.5,175271876,175271862
4635 N Flowing Wells Rd,32.2910652161,-110.995628357,3.5,3248810905,175268112
350 Congress St,32.2216481,-110.9659231,3.0,175299327,175294677
6121 E Broadway Blvd,32.22275,-110.86162,3.0,175400904,175400912
2747 Stone,32.25705,-110.97259,4.5,175541014,175268075
1180 S Kolb Rd,32.20738,-110.84142,4.0,475497168,175368195
2422 N Pantano Rd,32.2512217,-110.82278,3.0,175366255,175366271
3800 W Starr Pass Blvd,32.2159294,-111.0501752,3.0,175286128,175425366
521 N 4th Ave,32.2283267732,-110.965802213,5.0,175287543,1990548183
3015 W Via De Suenos,32.189622,-111.0311741,5.0,175328909,175328916
5151 E Grant Rd,32.25167,-110.88274,4.0,175284459,175166353
1908 S Country Club Rd,32.199321,-110.9269921,3.5,175353053,175353058
1390 W Irvington Rd,32.163768,-110.994383,2.0,175329952,175336760
6300 E Tanque Verde Rd,32.24214,-110.85754,4.0,175272314,175272317
121 E Congress St,32.2222137451,-110.969184875,2.5,175299327,175294677
5801 S Palo Verde Rd,32.14673,-110.91732,3.5,175395623,175395629
2812 W Alvaro Rd,32.1449584961,-111.027008057,5.0,175297809,175297812
7415 E 22nd St,32.20726,-110.83457,3.0,175286090,175286096
673 S Plumer Ave,32.2130317688,-110.93926239,4.0,355919227,6243619897
2449 N Stone Ave,32.25199,-110.97225,3.0,175269719,175269721
2590 N 1st Ave,32.2536319014,-110.960632633,4.0,175287543,1990548183
5425 N Kolb Rd,32.305479311,-110.844553672,3.5,175349468,175305084
347 N 4th Ave,32.2261759,-110.9656012,2.5,175287543,1990548183
2048 E Irvington Rd,32.162783,-110.941035,2.5,175339377,175339364
3000 S Mission Rd,32.1873664856,-111.001823425,3.0,175019822,1719426621
628 N 4th Ave,32.22974,-110.96517,4.5,175287543,1990548183
7203 E Golf Links Rd,32.19302,-110.8393,2.5,175464732,5733918219
2101 S Alvernon Way,32.1973075867,-110.909011841,4.0,175275028,175275063
460 S 6th Ave,32.21626,-110.969,4.5,175298838,175298839
1239 N 6th Ave,32.23825,-110.96918,3.5,175287543,1990548183
330 E 7th St,32.226223,-110.966133,4.5,175204140,3784491697
1110 S Sherwood Village Dr,32.20745,-110.82037,3.0,175401050,175351350
2320 N Silverbell Rd,32.249617,-111.012282,2.5,175356886,1230144207
6925 E Broadway Blvd,32.2214699,-110.84403,3.5,175400904,175400912
5555 E River Rd,32.2746799,-110.87376,4.5,175270625,175270644
5150 N La Cholla Blvd,32.300499,-111.011406,3.5,175284448,3500708141
,32.21627,-110.96919,4.5,175456556,175563573
213 N 4th Ave,32.224369,-110.9664383,2.0,175287543,1990548183
1601 S Alvernon Way,32.2032814026,-110.909095764,5.0,175275028,175275063
3800 W Starr Pass Blvd,32.2154810134,-111.049878962,3.0,175286128,175425366
3800 East Sunrise Dr,32.31472,-110.9155,4.0,175290508,175290514
4915 E Speedway Blvd,32.2367599,-110.88783,2.5,175271876,175271862
4648 E Speedway Blvd,32.2359151884,-110.893316559,3.5,175271876,175271862
1112 S Wilmot Rd,32.20753,-110.85842,4.5,175354277,175354279
475 N Granada,32.225749,-110.979408,3.0,175366255,175366271
6951 E 22nd St,32.20704,-110.84354,2.5,175286090,175286096
3364 E Benson Hwy,32.1529502869,-110.920097351,4.5,175610658,339326825
3620 N 1st Ave,32.27284,-110.96005,2.5,175287543,1990548183
247 W Grant Rd,32.24997,-110.976253,2.5,175343966,1890943299
880 E 2nd St,32.23249,-110.95828,5.0,175299291,175299293
5851 E Speedway Blvd,32.237117,-110.86737,2.0,175271876,175271862
3131 N Cherry Ave,32.2643203735,-110.948425293,5.0,175282347,175282348
1145 W Prince Rd,32.2717819214,-110.992340088,2.5,175364137,175429953
180 W Fort Lowell Rd,32.26487,-110.97398,4.5,175382654,1714022080
15 W Fort Lowell Rd,32.2644996643,-110.972770691,3.0,175382654,1714022080
1029 Olive Rd,32.2348208328,-110.955101474,4.0,175271803,4457599614
600 S Alvernon Way,32.2131022811,-110.909751803,3.0,175275028,175275063
1310 S Alvernon Way,32.20587,-110.91009,4.0,175275028,175275063
3940 E 29th St,32.1993942261,-110.907417297,4.0,175204140,3784491697
3156 E Drexel Rd,32.14842,-110.92452,3.0,175278318,175278321
260 South Church St,32.21789,-110.97464,2.0,175294679,175307246
5851 E Speedway Blvd,32.236839,-110.867236,3.0,175271876,175271862
5851 E Speedway Blvd,32.236834,-110.867235,1.5,175271876,175271862
5140 N La Cholla Blvd,32.3002433777,-111.011123657,3.0,175284448,3500708141
3820 East Cll Guaymas,32.22767,-110.91094,5.0,175287424,175287430
5122 S Nogales Hwy,32.15886,-110.96725,5.0,175342310,175342293
2721 E Grant Rd,32.250777,-110.931616,1.0,175284459,175166353
110001 N Vanatana,32.2952194,-110.84198,3.0,1655269213,175279021
1601 N Oracle Rd,32.24154,-110.97953,1.0,175290295,175328563
1310 S Alvernon Way,32.20587,-110.91009,1.0,175275028,175275063
1145 W Prince Rd,32.2717819214,-110.992340088,1.0,175364137,175429953
101 E Pennington St,32.2232723693,-110.969684422,4.0,175311380,175299929
627 S Vine Ave,32.2142448425,-110.948867798,4.5,175266696,662734843
4911 N Stone Ave,32.295803,-110.971607,4.0,175269719,175269721
2920 N Swan Rd,32.2608076443,-110.892173,4.0,175279717,175282927
937 W Congress St,32.2203093,-110.9879488,4.5,175293699,175293706
5285 E Broadway Blvd,32.22277,-110.88058,4.5,175400904,175400912
46 W Congress St,32.221977,-110.971879,4.0,175293699,175293706
4900 E Speedway Blvd,32.2359109232,-110.887960917,3.5,175271876,175271862
3011 E Speedway Blvd,32.23643,-110.9277,4.0,175271876,175271862
6450 E Grant Rd,32.25022,-110.85494,4.5,175284459,175166353
6060 N Oracle Rd,32.316615,-110.975205,3.5,175290295,175328563
6546 E Tanque Verde Rd,32.245697,-110.852517,4.0,175272314,175272317
434 N 4th Ave,32.22727,-110.96533,3.5,175287543,1990548183
7301 E Tanque Verde Rd,32.2511863708,-110.836120605,4.0,175272314,175272317
2990 N Campbell Ave,32.26103,-110.94365,4.0,175291907,360658119
5655 E River Rd,32.2740408721,-110.873042457,4.5,175270625,175270644
5605 E River Rd,32.2752407,-110.873144,4.0,175270625,175270644
800 N Kolb Rd,32.231199,-110.840465,4.0,175349468,175305084
5541 N Swan Rd,32.30721,-110.89307,4.0,175279717,175282927
1800 E Fort Lowell Rd,32.2639491124,-110.944341905,4.0,175382654,1714022080
6219 E 22nd St,32.207352,-110.8597608,4.0,175286090,175286096
5415 N Kolb Rd,32.3053588112,-110.843928057,3.5,175349468,175305084
2041 S Craycroft Rd,32.19785,-110.87453,3.5,175401011,175307870
7153 E Tanque Verde Rd,32.2509842,-110.8388672,4.0,175272314,175272317
3800 W. Starr Pass Boulevard,32.2161233321,-111.048672795,3.5,175286128,175425366
4777 E Sunrise Dr,32.3089065552,-110.890777588,4.0,175290508,175290514
2921 E Ft Lowell Rd,32.2649502837,-110.92821538,3.5,175382654,1714022080
1835 S Alvernon Way,32.200439,-110.908866,3.5,175275028,175275063
4884 South Landing Way,32.1647201679,-110.989664729,3.5,175305418,175305422
4500 E Speedway Blvd,32.2354554111,-110.896596909,3.5,175271876,175271862
1110 N Silverbell Rd,32.236327,-111.004177,3.0,175356886,1230144207
4777 E Sunrise Dr,32.308912,-110.890775,3.5,175290508,175290514
5410 E Broadway Blvd,32.2212027985,-110.876595887,3.0,175400904,175400912
2075 W Grant Rd,32.25026,-111.0114,3.5,175343966,1890943299
300 W Wetmore Rd,32.2870292664,-110.977050781,3.5,579002255,578567527
5100 E Broadway Blvd,32.22112,-110.88321,3.0,175400904,175400912
3930 N Flowing Wells Rd,32.27871,-110.9945,3.0,3248810905,175268112
1213 W Irvington Rd,32.1626,-110.99084,3.5,175329952,175336760
2505 N Campbell Ave,32.2521441,-110.9444591,3.0,175291907,360658119
1001 S Tyndall,32.209287,-110.957325,4.0,175452515,175374320
7600 East Broadway Blvd,32.21969,-110.83024,4.5,175400904,175400912
6996 E 22nd St,32.204550677,-110.843370818,3.0,175286090,175286096
6305 E 22nd St,32.2071495056,-110.856704712,3.0,175286090,175286096
4710 E Speedway Blvd,32.2358055115,-110.891921997,3.5,175271876,175271862
2943 N Campbell,32.2605438232,-110.944358826,2.5,175291907,360658119
7082 E Speedway Blvd,32.2350883484,-110.84147644,3.0,175271876,175271862
,32.2226012846,-110.974714905,5.0,402285132,5997313785
3894 N Oracle Rd,32.2771568298,-110.977272034,2.5,175290295,175328563
1502 W Saint Marys,32.22925,-110.9975,2.5,175404143,175469614
2175 E Irvington,32.1637001038,-110.939582825,3.0,175315506,175345404
3801 S 6th Ave,32.1775958962,-110.967854956,4.0,175298838,175298839
2900 N Swan Rd,32.2602231,-110.8920921,2.0,175279717,175282927
5870 E Broadway Blvd,32.218327,-110.865152,1.0,175400904,175400912
5689 N Swan Blvd,32.3097,-110.89316,1.0,175376386,175397905
350 E Congress St,32.22173,-110.96589,4.0,175299327,175294677
2995 E Speedway,32.236453242,-110.928393783,4.0,175375290,175509605
4689 E Speedway Blvd,32.2371864319,-110.893814087,4.5,175271876,175271862
5425 N Kolb Rd,32.3054151741,-110.844374766,4.5,175349468,175305084
2741N Campbell Ave,32.2567563398,-110.94420749,3.5,175291907,360658119
3912 N Oracle Rd,32.27795,-110.97742,4.5,175290295,175328563
2962 N Campbell Ave,32.2603257978,-110.94272051,4.0,175291907,360658119
88 E Broadway Blvd,32.22103,-110.96911,4.0,175400904,175400912
857 E Grant Rd,32.25095,-110.95906,4.0,175284459,175166353
4500 E Speedway Blvd,32.2354832482,-110.897583,3.5,175271876,175271862
75 W River Rd,32.295788,-110.973226,4.0,175307153,175399160
7159 E Broadway Blvd,32.2220264185,-110.8392515,4.0,175400904,175400912
5655 E River Rd,32.273584,-110.8729579,4.0,175270625,175270644
6091 N Oracle Rd,32.3168999,-110.97666,3.5,175290295,175328563
1830 E Broadway Blvd,32.220825,-110.945129,4.0,175400904,175400912
5532 E Speedway Blvd,32.2357406616,-110.874168396,3.0,175271876,175271862
5036 N Oracle Rd,32.298151,-110.97738,3.5,175290295,175328563
1370 N Silverbell Rd,32.23881,-111.00509,4.0,175356886,1230144207
2643 N Campbell Ave,32.2547888119,-110.94418704,4.0,175291907,360658119
1101 N Wilmot Rd,32.2369923,-110.8587228,4.0,175401018,5215677831
267 South Avenida Del Convento,32.2179934,-110.9847018,4.0,175308232,175308247
6534 E Tanque Verde Rd,32.24547,-110.853369,2.5,175272314,175272317
940 E University Blvd,32.2316562,-110.9574698,2.5,360653125,355941216
811 E Wetmore Rd,32.28702,-110.9586,3.0,579002255,578567527
5870 E Broadway Blvd,32.218554,-110.865175,3.5,175400904,175400912
4500 N Oracle Rd,32.289174485,-110.97397428,3.5,175290295,175328563
5650 S 12 Ave,32.1539031533,-110.977835641,2.5,175292900,175292907
151 N Stone Ave,32.223991394,-110.971878052,4.5,175269719,175269721
1800 E Fort Lowell Rd,32.2640462911,-110.944400294,4.5,175382654,1714022080
2960 N 1st Ave,32.2597724743,-110.960771299,4.0,175287543,1990548183
533 N 4th Ave,32.22848,-110.96602,3.5,175287543,1990548183
6878 E Sunrise Dr,32.30717,-110.84537,4.0,175290508,175290514
3770 E Sunrise Dr,32.314026,-110.91734,4.0,175290508,175290514
1929 E Grant Rd,32.2506,-110.94278,4.0,175284459,175166353
1745 E River Rd,32.28874,-110.94584,4.0,175270625,175270644
,32.2172355652,-110.970611572,4.5,175311714,175307262
3001 N Campbell Ave,32.26148,-110.94435,3.5,175291907,360658119
3553 S 12th Ave,32.18198,-110.97714,4.0,175287543,1990548183
5721 S Westover Ave,32.1475833238,-111.019672416,4.5,175267663,175267676
1949 S 4th Ave,32.198894,-110.965003,2.5,175298838,175298839
188 E Broadway Blvd,32.220954895,-110.967353821,4.0,175400904,175400912
310 E Benson Hwy,32.18574,-110.96523,4.0,175610658,339326825
2735 W Anklam Rd,32.224613,-111.025362,4.0,175306605,175306615
170 S Wilmot Rd,32.21943,-110.85845,4.0,175354277,175354279
1785 E River Rd,32.2883933487,-110.945667922,3.5,175270625,175270644
6091 N Oracle Rd,32.3168999,-110.97666,3.5,175290295,175328563
6320 E Tanque Verde Rd,32.24257,-110.85653,4.0,175272314,175272317
4699 E Speedway Blvd,32.236551315,-110.893036178,4.0,175271876,175271862
7713 E Broadway Blvd,32.2225669644,-110.826809183,3.5,175400904,175400912
6541 E Tanque Verde Rd,32.2476084831,-110.853135747,3.5,175272314,175272317
2708 E Fort Lowell Rd,32.264711,-110.931879,3.5,175382654,1714022080
2201 E River Rd,32.28701,-110.9383,3.0,175270625,175270644
3761 E Broadway,32.222038,-110.912927,2.5,175328739,175319034
4871 E Grant Rd,32.25145,-110.88866,3.0,175284459,175166353
4421 N Oracle Rd,32.2873204,-110.9784149,3.5,175290295,175328563
5725E Broadway Blvd,32.2219253971,-110.870031991,3.0,175400904,175400912
968 W Irvington Rd,32.16395,-110.98312,3.5,175329952,175336760
1175 W Miracle Mile,32.26066,-110.99067,3.5,175338298,175338310
6761 E Tanque Verde Rd,32.24987,-110.84803,3.5,175272314,175272317
3115 E Prince Rd,32.27287,-110.9262,3.5,175270625,175270644
7600 East Broadway Blvd,32.21969,-110.83024,4.5,175400904,175400912
3141 E Drexel Rd,32.14894,-110.92542,2.5,175278318,175278321
4500 N Oracle Rd,32.2892697174,-110.973818377,4.5,175290295,175328563
4230 N Oracle Rd,32.2832758708,-110.976696715,4.5,175290295,175328563
7245 E Tanque Verde Rd,32.2512957783,-110.837599931,4.0,175272314,175272317
47 N 6th Ave,32.2228063545,-110.968643054,4.0,175287543,1990548183
250 S Craycroft Rd,32.2187703908,-110.875794366,4.0,175401011,175307870
7159 E Broadway Blvd,32.2220264185,-110.8392515,4.0,175400904,175400912
2226 N Stone Ave,32.2484665364,-110.971863046,4.0,175269719,175269721
446 N Wilmot Rd,32.22649,-110.85734,3.5,175401018,5215677831
2746 N Campbell Ave,32.2568399,-110.94341,4.5,175291907,360658119
4206 N 1st Ave,32.2831893073,-110.960792666,3.5,175287543,1990548183
10 W Grant Rd,32.250919,-110.972724,4.0,175343966,1890943299
943 E University,32.2322974606,-110.957632104,3.0,175364886,4457646316
2445 S Craycroft Rd,32.19431,-110.87453,3.0,175401011,175307870
5475 S Calle Santa Cruz,32.1518894562,-110.988818722,3.0,175294268,175294272
4500 N Oracle Rd,32.28839,-110.97674,1.0,175290295,175328563
73 E Pennington St,32.22308,-110.9701704,5.0,175311380,175299929
2990 N Campbell Ave,32.26079072,-110.943337623,4.0,175291907,360658119
722 N Stone Ave,32.23106,-110.97133,4.5,175269719,175269721
711 E Blacklidge Dr,32.261578,-110.96023,4.0,175302461,175302469
2513 N Campbell Ave,32.25226,-110.94429,4.5,175291907,360658119
267 South Avenida Del Convento,32.218054,-110.984063,4.0,175308232,175308247
914 E Speedway Blvd,32.2357242,-110.9576022,4.0,175271876,175271862
111 W 4th St,32.23,-110.97364,4.5,175273727,175273750
1303 E University Blvd,32.2324330522,-110.951914947,3.0,360653125,355941216
756 S Stone Ave,32.2122004,-110.9690903,4.5,1424568066,175237253
1072 N Campbell Ave,32.235383,-110.943687,4.0,175291907,360658119
245 E Congress St,32.222231,-110.967274,4.5,175299327,175294677
722 N Stone Ave,32.23106,-110.97133,4.5,175269719,175269721
3000 E Broadway,32.2213234077,-110.927552513,4.0,175328739,175319034
2829 E Speedway Blvd,32.2363853455,-110.930450439,4.0,175271876,175271862
5870 E Broadway Blvd,32.2204078224,-110.865271724,3.5,175400904,175400912
711 E Blacklidge Dr,32.261578,-110.96023,4.0,175302461,175302469
5340 E Broadway Blvd,32.22099,-110.87826,3.5,175400904,175400912
6202 E Broadway,32.2211,-110.8599,4.0,175328739,175319034
7159 E Tanque Verde Rd,32.2523312385,-110.839386193,4.0,175272314,175272317
5039 E 5th St,32.2291367,-110.8848483,3.5,175204140,3784491697
4420 North Stone,32.2870877214,-110.969225888,3.5,175278134,175278142
,32.2638397217,-110.92162323,5.0,175338278,175338283
350 E Congress St,32.22173,-110.96589,4.0,175299327,175294677
4689 E Speedway Blvd,32.2371864319,-110.893814087,4.5,175271876,175271862
5425 N Kolb Rd,32.3054151741,-110.844374766,4.5,175349468,175305084
2741N Campbell Ave,32.2567563398,-110.94420749,3.5,175291907,360658119
54 W Congress St,32.2218463148,-110.972285495,4.0,175293699,175293706
3912 N Oracle Rd,32.27795,-110.97742,4.5,175290295,175328563
2962 N Campbell Ave,32.2603257978,-110.94272051,4.0,175291907,360658119
88 E Broadway Blvd,32.22103,-110.96911,4.0,175400904,175400912
4802 S 6th Ave,32.1649,-110.96847,4.0,175298838,175298839
857 E Grant Rd,32.25095,-110.95906,4.0,175284459,175166353
4500 E Speedway Blvd,32.2354832482,-110.897583,3.5,175271876,175271862
75 W River Rd,32.295788,-110.973226,4.0,175307153,175399160
7159 E Broadway Blvd,32.2220264185,-110.8392515,4.0,175400904,175400912
5655 E River Rd,32.273584,-110.8729579,4.0,175270625,175270644
3048 E Broadway Blvd,32.221,-110.92718,3.0,175400904,175400912
6091 N Oracle Rd,32.3168999,-110.97666,3.5,175290295,175328563
4280 N Oracle Rd,32.284381,-110.976756,4.5,175290295,175328563
1830 E Broadway Blvd,32.220825,-110.945129,4.0,175400904,175400912
5532 E Speedway Blvd,32.2357406616,-110.874168396,3.0,175271876,175271862
5036 N Oracle Rd,32.298151,-110.97738,3.5,175290295,175328563
15 N Alvernon Way,32.22226,-110.90985,3.0,175338898,175338910
1101 N Wilmot Rd,32.2369923,-110.8587228,4.0,175401018,5215677831
5435 S Calle Santa Cruz,32.1526293903,-110.988185764,3.5,175294268,175294272
3655 E Speedway Blvd,32.2364017719,-110.914786644,3.5,175271876,175271862
6534 E Tanque Verde Rd,32.24547,-110.853369,2.5,175272314,175272317
7755 E Golf Links,32.19245,-110.82702,4.0,175464732,5733918219
940 E University Blvd,32.2316562,-110.9574698,2.5,360653125,355941216
1160 N Wilmot Rd,32.2369117737,-110.857376099,2.5,175401018,5215677831
5420 S 12th Ave,32.1537800323,-110.977989882,4.5,175287543,1990548183
4762 S 12th Ave,32.1658872359,-110.97768344,5.0,175287543,1990548183
1350 W Irvington Rd,32.16398,-110.99366,2.5,175329952,175336760
250 E Grant Rd,32.2503098845,-110.968558565,3.0,175284459,175166353
5402 E Speedway Blvd,32.2359708385,-110.877227023,1.0,175271876,175271862
332 W Ajo Way,32.17812,-110.97345,5.0,175324834,362732385
4445 E Broadway Blvd,32.22189,-110.89714,4.0,175400904,175400912
1830 E Broadway Blvd,32.220825,-110.945129,4.0,175400904,175400912
2702 E Grant Rd,32.24998,-110.93203,4.0,175284459,175166353
2950 N Swan Rd,32.2605934143,-110.892303467,4.0,175279717,175282927
4362 N Oracle Rd,32.286084,-110.977477,3.0,175290295,175328563
25 N Stone Ave,32.22215,-110.97152,4.5,175269719,175269721
2902 E 22nd St,32.20655,-110.93008,3.5,175286090,175286096
4821 E Grant Rd,32.250958,-110.890243,3.0,175284459,175166353
4955 N Sabino Canyon Rd,32.29703,-110.82446,4.5,175342975,175342990
6129 E Broadway Blvd,32.222115,-110.861307,2.5,175400904,175400912
4502 N 1st Ave,32.28992,-110.95636,5.0,175287543,1990548183
845 N Park Ave,32.23271,-110.95737,3.0,355919227,6243619897
3026 N Campbell Ave,32.26165,-110.94364,4.0,175291907,360658119
2574 N Campbell Ave,32.25371,-110.94359,4.5,175291907,360658119
2707 E Broadway Blvd,32.22201,-110.93211,4.0,175400904,175400912
245 E Congress St,32.222231,-110.967274,4.5,175299327,175294677
1015 W Prince Rd,32.27162,-110.98889,4.5,175364137,175429953
326 N 4th Ave,32.2258224487,-110.965171814,4.0,175287543,1990548183
1702 E Speedway Blvd,32.235704,-110.946571,4.0,175271876,175271862
6260 E Speedway Blvd,32.2357933,-110.858858,4.0,175271876,175271862
4230 N Oracle Rd,32.2832758708,-110.976696715,4.5,175290295,175328563
937 W Congress St,32.2203093,-110.9879488,4.5,175293699,175293706
1970 W River Rd,32.3063335572,-111.008965746,4.5,175307153,175399160
2650 N 1st Ave,32.2550155945,-110.960664488,4.5,175287543,1990548183
2829 E Speedway Blvd,32.2363853455,-110.930450439,4.0,175271876,175271862
870 E University Blvd,32.2313,-110.95847,4.0,360653125,355941216
415 N 4th Ave,32.226853,-110.965896,4.0,175287543,1990548183
431 N 4th Ave,32.2272,-110.96589,4.0,175287543,1990548183
1803 E Prince Rd,32.2735299478,-110.944510811,3.5,175270625,175270644
918 W Prince Rd,32.2722441236,-110.987471006,4.5,175364137,175429953
1801 North Stone Ave,32.24428,-110.97253,3.5,175269719,175269721
6027 E 22nd St,32.20741,-110.86466,4.0,175286090,175286096
1730 E Speedway Blvd,32.2356872559,-110.94593811,4.0,175271876,175271862
754 E Grant Rd,32.250103,-110.960107,4.0,175284459,175166353
187 N Park Ave,32.22348,-110.95663,4.0,355919227,6243619897
845 E University Blvd,32.231824274,-110.958520692,4.0,360653125,355941216
5004 E Broadway Blvd,32.22079,-110.88539,3.5,175400904,175400912
6541 E Tanque Verde Rd,32.2476084831,-110.853135747,3.5,175272314,175272317
1820 E 6th St,32.22756,-110.94463,3.5,175204140,3784491697
6610 E Tanque Verde Rd,32.2466,-110.85155,4.0,175272314,175272317
2500 E 6th St,32.22761,-110.93511,4.0,175204140,3784491697
2470 N Campbell Ave,32.2518,-110.94359,4.0,175291907,360658119
5420 E Broadway Blvd,32.2207390357,-110.876270055,3.5,175400904,175400912
2741 E Speedway Blvd,32.23639,-110.93129,3.5,175271876,175271862
735 East Wetmore Rd,32.2867649,-110.9607228,4.0,579002255,578567527
4545 N Oracle Rd,32.28887,-110.97892,4.0,175290295,175328563
3400 East Speedway Blvd,32.23556,-110.92046,4.0,175271876,175271862
5721 E Broadway Blvd,32.22218,-110.87048,3.5,175400904,175400912
4777 E Sunrise Dr,32.309116,-110.890815,4.0,175290508,175290514
6841 E Camino Principal,32.25056,-110.84655,3.5,175098859,175050522
5545 E Broadway Blvd,32.222057,-110.874654,3.5,175400904,175400912
135 S Wilmot Rd,32.219952,-110.8578355,3.5,175354277,175354279
450 N 6th Ave,32.22748,-110.96823,4.0,175287543,1990548183
2510 E Speedway Blvd,32.2358116106,-110.934612716,3.5,175271876,175271862
1615 S Alvernon Way,32.20304,-110.90893,3.5,175275028,175275063
6061 E Broadway Blvd,32.222454,-110.863051,3.5,175400904,175400912
4884 South Landing Way,32.1647201679,-110.989664729,3.5,175305418,175305422
2190 N Wilmot Rd,32.24861,-110.85748,4.0,175401018,5215677831
2575 N Campbell Ave,32.253849,-110.9442596,4.0,175291907,360658119
1064 North Campbell Ave,32.23524,-110.94367,4.0,175291907,360658119
1110 N Silverbell Rd,32.236327,-111.004177,3.0,175356886,1230144207
8060 E 22nd St,32.2059023914,-110.821076913,3.5,175286090,175286096
475 W Wetmore,32.2863388,-110.9802094,4.5,175301454,175301458
100 N Stone Ave,32.2231788635,-110.971092224,3.5,175269719,175269721
6210 E Speedway Blvd,32.235302,-110.859919,3.5,175271876,175271862
1628 East 6th St,32.22752,-110.9473,5.0,175204140,3784491697
6210 N Oracle Rd,32.3200999,-110.9742,4.0,175290295,175328563
7102 E Broadway Blvd,32.220554,-110.840454,3.5,175400904,175400912
6810 E Tanque Verde Rd,32.24969,-110.84628,3.5,175272314,175272317
5411 E Broadway Blvd,32.222751,-110.875877,4.0,175400904,175400912
1070 E Tucson Marketplace Blvd,32.1867980997,-110.954464733,4.5,5476890767,3727243042
4362 N Oracle Rd,32.286084,-110.977477,3.0,175290295,175328563
410 N Wilmot Rd,32.2262558739,-110.857806845,4.5,175401018,5215677831
3930 N Flowing Wells Rd,32.27871,-110.9945,3.0,3248810905,175268112
1800 E Fort Lowell Rd,32.264117,-110.944424,3.5,175382654,1714022080
5138 E Speedway Blvd,32.23571,-110.88272,3.5,175271876,175271862
7233 E Speedway Blvd,32.23595,-110.83802,3.5,175271876,175271862
4701 E Broadway Blvd,32.2218235558,-110.891913415,3.5,175400904,175400912
1875 S Alvernon Way,32.200195,-110.908919,4.0,175275028,175275063
5601 E Speedway Blvd,32.23652,-110.87284,3.5,175271876,175271862
1031 N Park Ave,32.235295,-110.956933,4.0,355919227,6243619897
7699 E Speedway Blvd,32.2358856201,-110.828361511,3.5,175271876,175271862
6165 East Brdway Blvd,32.2219605395,-110.8604841,3.5,175400904,175400912
4821 E Grant Rd,32.250958,-110.890243,3.0,175284459,175166353
749 N Park Ave,32.23138,-110.95688,3.5,355919227,6243619897
1209 W St Mary's Rd,32.2291030884,-110.990493774,3.5,175355736,175306615
446 N Campbell Ave,32.22701,-110.94312,3.5,175291907,360658119
1 West Congress St,32.2220281,-110.971462727,3.5,175293699,175293706
4356 N Oracle Rd,32.2854742,-110.9779751,4.0,175290295,175328563
6501 E Grant Rd,32.2503815,-110.8519211,3.5,175284459,175166353
1105 S Craycroft Rd,32.2077,-110.87447,3.5,175401011,175307870
6129 E Broadway Blvd,32.222115,-110.861307,2.5,175400904,175400912
7760 E Speedway Blvd,32.2351799,-110.826622,3.5,175271876,175271862
2485 N Swan Rd,32.25203,-110.89322,3.5,175279717,175282927
3872 N Oracle Rd,32.27715,-110.97727,3.5,175290295,175328563
5810 E 22nd St,32.20649,-110.86782,3.5,175286090,175286096
8320 E Broadway Blvd,32.2205886841,-110.814079285,3.0,175400904,175400912
2100 W Grant Rd,32.25113,-111.01238,3.5,175343966,1890943299
4502 N 1st Ave,32.28992,-110.95636,5.0,175287543,1990548183
4280 N Oracle Rd,32.284381,-110.976756,3.0,175290295,175328563
33 N Stone Ave,32.22252,-110.97233911,3.0,175269719,175269721
4874 South Landing Way,32.164589,-110.988714,3.5,175305418,175305422
88 West River Rd,32.297269488,-110.973257124,3.0,175307153,175399160
6310 E Tanque Verde Rd,32.242565,-110.857086,4.0,175272314,175272317
7235 E Golf Links Rd,32.1924247742,-110.838233948,3.0,175464732,5733918219
4390 N 1st Ave,32.28623,-110.96047,3.5,175287543,1990548183
63 East Congess St,32.2222,-110.97004,4.0,175299327,175294677
5759 E Broadway Blvd,32.22217,-110.86958,3.5,175400904,175400912
3843 E Broadway Blvd,32.2218843,-110.9101589,2.5,175400904,175400912
5665 North Swan Rd,32.3094862012,-110.893181115,3.5,175279717,175282927
6875 E Sunrise Dr,32.3093109131,-110.845756531,4.0,175290508,175290514
544 N Highland Ave,32.228113426,-110.951127679,3.5,175269719,175269721
29 W Congress,32.22201,-110.97184,4.5,175279210,175279214
5435 S Calle Santa Cruz,32.1529474894,-110.987912044,3.5,175294268,175294272
4861 E Grant Rd,32.25175,-110.88899,3.5,175284459,175166353
1400 N Stone Ave,32.23978,-110.97147,3.5,175269719,175269721
914 E Speedway Blvd,32.2356796265,-110.957511902,4.0,175271876,175271862
5350 E Broadway Blvd,32.22095,-110.87826,3.5,175400904,175400912
3225 N Swan Rd,32.265631,-110.893875,4.0,175279717,175282927
845 N Park Ave,32.23271,-110.95737,3.0,355919227,6243619897
6320 E Golf Links Rd,32.19084,-110.85738,3.5,175464732,5733918219
7920 E Speedway Blvd,32.2347068787,-110.82270813,3.5,175271876,175271862
502 W Ajo Way,32.178317902,-110.976159031,3.5,175324834,362732385
7127 East Tanque,32.2523721435,-110.839876235,2.5,1718344096,2497982783
1580 E Tucson Marketplace Blvd,32.1828843,-110.9482402,3.5,5476890767,3727243042
3118 E Fort Lowell Rd,32.2644762747,-110.925940006,3.0,175382654,1714022080
4874 S Landing Way,32.163991,-110.989429,4.5,175305418,175305422
3250 N Campbell Ave,32.26617,-110.9432,4.0,175291907,360658119
4500 N Oracle Rd,32.288967,-110.973705,3.5,175290295,175328563
2110 W Grant Rd,32.251701355,-111.012260437,4.0,175343966,1890943299
2245 E Irvington Rd,32.1637268066,-110.938781738,3.5,175339377,175339364
628 N 4th Ave,32.22974,-110.96517,4.5,175287543,1990548183
1758 E Irvington Rd,32.16258,-110.94526,3.0,175339377,175339364
4500 N Oracle Rd,32.288979,-110.973996,3.0,175290295,175328563
5870 E Broadway Blvd,32.218358,-110.865189,3.0,175400904,175400912
1893 W Grant Rd,32.250125885,-111.007278442,3.5,175343966,1890943299
5443 E 22nd,32.20793,-110.87633,3.5,175286090,175307723
5765 East Broadway,32.22216,-110.869293,3.0,175328739,175319034
5460 E Speedway Blvd,32.2358858555,-110.876505,3.0,175271876,175271862
7865 E Broadway Blvd,32.2214584351,-110.824523926,3.0,175400904,175400912
5480 E Speedway Blvd,32.23603,-110.87588,3.0,175271876,175271862
3806 E Grant Rd,32.2502937317,-110.911697388,2.5,175284459,175166353
7245 E Tanque Verde Rd,32.2512435913,-110.837715149,4.0,175272314,175272317
1402 W Saint Marys Rd,32.2295188904,-110.99520874,2.5,175299308,175299317
1503 W Saint Marys Rd,32.2287102135,-110.996907171,4.0,175299308,175299317
1990 W River Rd,32.3007780905,-111.00941471,3.0,175307153,175399160
2043 East Broadway Blvd,32.22171,-110.94122,3.0,175400904,175400912
4768 E Sunrise Dr,32.3082047,-110.8913422,3.5,175290508,175290514
3460 N Oracle Rd,32.26927,-110.97755,2.5,175290295,175328563
5095 N La Canada Dr,32.298995,-110.995868,4.0,175430913,175430916
6970 E 22nd St,32.2061347961,-110.843101501,3.5,175286090,175286096
901 E Speedway Blvd,32.23633,-110.95772,2.5,175271876,175271862
7285 E 22nd St,32.20712,-110.83752,3.0,175286090,175286096
1481 S Alvernon Way,32.20356,-110.909096,3.0,175275028,175275063
3827 E Broadway Blvd,32.2219085693,-110.910636902,2.5,175400904,175400912
3999 E Grant Rd,32.2515563965,-110.908035278,2.0,175284459,175166353
2624 E 22nd St,32.2064361572,-110.933166504,3.0,175286090,175286096
3966 N Oracle Rd,32.2787361145,-110.977500916,3.5,175290295,175328563
2155 South 6th Ave,32.196851,-110.9682552,2.5,175298838,175298839
455 E Wetmore Rd,32.288312,-110.96462,3.0,579002255,578567527
1535 N Stone Ave,32.2411,-110.97222,3.0,175269719,175269721
5655 E River Rd,32.2739729059,-110.873143417,2.5,175270625,175270644
1927 E Speedway Blvd,32.2364952016,-110.942770003,2.5,175271876,175271862
5275 S Palo Verde Rd,32.156748,-110.916915,4.0,175395623,175395629
515 E Grant Rd,32.2516893648,-110.962960124,2.0,175284459,175166353
1620 S Craycroft Rd,32.2020072937,-110.87562561,2.0,175401011,175307870
405 E Wetmore Rd,32.2873611,-110.9657593,2.5,579002255,578567527
1830 E Broadway Blvd,32.2206763,-110.9448087,2.0,175400904,175400912
5275 S Palo Verde Rd,32.15675,-110.91692,2.0,175395623,175395629
6878 E Sunrise Dr,32.3071709,-110.8453674,2.5,175290508,175290514
4046 E 22nd St,32.20638,-110.90575,2.5,175286090,175286096
4500 N Oracle Rd,32.28839,-110.97674,4.0,175290295,175328563
3312 S 6th Ave,32.1857221,-110.9684649,1.5,175298838,175298839
5405 E Granite St,32.1822216,-110.8770814,4.0,175411931,175448786
1401 S Kolb Rd,32.20407,-110.84051,3.0,475497168,175368195
5870 E Broadway Blvd,32.218433,-110.86518,2.5,175400904,175400912
1217 W Irvington Rd,32.1616096497,-110.990058899,3.0,175329952,175336760
3792 S 16th Ave,32.17893,-110.98166,2.5,175287543,1990548183
3760 S Palo Verde Rd,32.178943634,-110.918716431,3.5,175395623,175395629
1525 N Wilmot,32.24102,-110.85852,1.5,175321197,175509287
4500 N Oracle Rd,32.289034,-110.973801,3.0,175290295,175328563
1260 East Tucson Marketplace Blvd,32.1874199,-110.9525452,2.0,5476890767,3727243042
4695 N Oracle Rd,32.291759,-110.979218,1.0,175290295,175328563
3770 E Sunrise Dr,32.314026,-110.91734,4.0,175290508,175290514
3750 S Old Spanish Trl,32.1777,-110.73853,4.0,175465982,175273910
5900 N Oracle Rd,32.31373,-110.97691,3.5,175290295,175328563
3800 W. Starr Pass Boulevard,32.2161233321,-111.048672795,3.5,175286128,175425366
110 E Pennington St,32.22306754,-110.969505677,4.0,175311380,175299929
2418 N Craycroft Rd,32.2513182009,-110.875012502,4.5,175401011,175307870
58 W Congress St,32.22201,-110.97216,4.5,175293699,175293706
6151 E Broadway,32.2220412599,-110.86096296,4.0,175328739,175319034
130 S Avenida Del Convento,32.21993,-110.98571,4.5,175308232,175308247
1220 E Prince Rd,32.271774,-110.953235,4.0,175270625,175270644
2480 N Oracle Rd,32.25188,-110.97749,4.0,175290295,175328563
1060 S Kolb Rd,32.208032,-110.8413453,4.0,475497168,175368195
5201 S 12th Ave,32.1576004028,-110.977165222,4.0,175287543,1990548183
311 N Court Ave,32.22571,-110.97456,3.5,175282347,175282348
4415 N Flowing Wells Rd,32.28682634,-110.9950735,4.5,3248810905,175268112
1800 E Fort Lowell Rd,32.2640462911,-110.944400294,4.5,175382654,1714022080
621 N 4th Ave,32.2294464111,-110.965873718,4.0,175287543,1990548183
188 E Broadway Blvd,32.220954895,-110.967353821,4.0,175400904,175400912
1813 S 4th Ave,32.1999638054,-110.965150036,4.0,175298838,175298839
3843 E Pima St,32.2436999,-110.91047,4.5,175321175,3801416850
2618 S 6th Ave,32.19216,-110.96872,4.0,175298838,175298839
708 W Grant Rd,32.250571,-110.982543,4.5,175343966,1890943299
5602 E 22nd St,32.20658,-110.87272,4.0,175286090,175286096
2680 N 1st Ave,32.25576,-110.96053,4.0,175287543,1990548183
4573 S 12th Ave,32.16826,-110.9772,4.5,175287543,1990548183
4980 S Campbell Ave,32.16212,-110.94455,4.0,175288190,175288198
2960 N 1st Ave,32.2597724743,-110.960771299,4.0,175287543,1990548183
210 N Pantano Rd,32.2236199,-110.82338,4.5,175366255,175366271
1009 N Grande Ave,32.2349,-110.99054,4.5,175269719,175269721
533 N 4th Ave,32.22848,-110.96602,3.5,175287543,1990548183
5118 S 12th Ave,32.15902,-110.97787,4.0,175287543,1990548183
3200 N 1st Ave,32.2650355116,-110.961163044,4.0,175287543,1990548183
50 E Broadway Blvd,32.22097,-110.970157,3.5,175400904,175400912
614 N Grande Ave,32.231063,-110.98934,4.0,175269719,175269721
3501 S 12th Ave,32.183139801,-110.976882935,4.5,175287543,1990548183
849 Anita Ave,32.2329,-110.98112,4.5,175329098,175284856
7000 E Tanque Verde Rd,32.24985,-110.84199,4.0,175272314,175272317
1765 E River,32.288675,-110.946058,4.0,175337462,175337472
4340 N Campbell Ave,32.2855746968,-110.942526342,3.5,175291907,360658119
622 N 4th Ave,32.22961,-110.96503,4.0,175287543,1990548183
5802 E 22nd St,32.20648,-110.86826,4.0,175286090,175286096
3820 S Palo Verde,32.1773742,-110.9182274,4.5,175395623,175395629
178 E Broadway Blvd,32.22095,-110.96735,4.5,175400904,175400912
5563 E Grant Rd,32.25098,-110.87333,4.0,175284459,175166353
1750 E Fort Lowell,32.26422,-110.94576,3.5,175382654,1714022080
1450 W Saint Marys Rd,32.229346,-110.9962513,4.5,175299308,175299317
557 N 4th Ave,32.2287788391,-110.965797424,4.0,175287543,1990548183
1526 N Alvernon Way,32.24139,-110.90947,4.5,175338898,175338910
1030 W St Marys Rd,32.23004,-110.98752,4.0,175404143,175469614
2513 N Campbell Ave,32.25226,-110.94429,4.5,175291907,360658119
4841 S 12th Ave,32.1641,-110.9772,4.5,175287543,1990548183
1340 N Wilmot Rd,32.23905,-110.85733,4.0,175401018,5215677831
5689 N Swan Rd,32.3097,-110.89316,3.5,175279717,175282927
5443 S 12th Ave,32.1525993,-110.9772873,4.0,175287543,1990548183
865 E University Blvd,32.2319641113,-110.958030701,3.5,360653125,355941216
876 E University Blvd,32.2313,-110.95814,3.5,360653125,355941216
2023 S Craycroft Rd,32.1983101296,-110.874509923,4.5,175401011,175307870
5900 N Oracle Rd,32.31373,-110.97691,3.5,175290295,175328563
1350 E Broadway Blvd,32.22108078,-110.951210022,3.5,175400904,175400912
7159 E Tanque Verde Rd,32.2523312385,-110.839386193,4.0,175272314,175272317
354 S Main Ave,32.2165679932,-110.974655151,3.5,175266696,662734843
6910 E Sunrise Dr,32.3078527237,-110.844945998,3.5,175290508,175290514
3752 E Grant Rd,32.2510403042,-110.912602618,4.5,175284459,175166353
2455 N Silverbell Rd,32.2515477315,-111.01510954,3.0,175356886,1230144207
4901 E Broadway Blvd,32.22223,-110.88748,3.0,175400904,175400912
736 E Fort Lowell Rd,32.26434,-110.96,4.0,175382654,1714022080
6135 E 22nd St,32.20761,-110.86144,4.0,175286090,175286096
3502 S 6th Ave,32.18318,-110.9687,4.5,175298838,175298839
5602 E Speedway Blvd,32.236014,-110.872951,3.0,175271876,175271862
4811 N Stone Ave,32.2938575745,-110.971374512,4.0,175269719,175269721
750 N Kolb Rd,32.23052,-110.840466,3.0,175349468,175305084
835 E 22nd St,32.2071418762,-110.957321167,4.0,175286090,175286096
4841 S 12TH Ave,32.1641,-110.9772,4.5,340480579,175115813
921 West Congress Rd,32.2204551697,-110.987724304,4.0,1719063160,4395410322
5601 E 22nd St,32.207333,-110.873131,4.0,175286090,175286096
3843 E Pima,32.2436904907,-110.910469055,4.0,175293475,175293482
256 E Congress St,32.2219565069,-110.967801279,3.5,175299327,175294677
22ND St And 6th Ave,32.2066413863,-110.968791117,5.0,175286090,175286096
6041 E 22nd St,32.2073898,-110.8635178,4.5,175286090,175286096
2527 S 4th Ave,32.1926656,-110.9651565,4.0,175298838,175298839
2602 S 4th Ave,32.1922454834,-110.965667725,3.5,175298838,175298839
2150 N Alvernon Way,32.248523,-110.908785,4.5,175338898,175338910
22ND St And 6th Ave,32.207185,-110.968636,4.5,175286090,175286096
4717 E Sunrise Dr,32.3094619608,-110.891862019,3.5,175290508,175290514
5754 E 22nd St,32.20648,-110.8689,3.5,175286090,175286096
4205 N Campbell Ave,32.2835703956,-110.9443462,3.5,175291907,360658119
6225 E Speedway Blvd,32.2366142273,-110.859474182,3.5,175271876,175271862
5470 E Speedway Blvd,32.235656,-110.876136,4.0,175271876,175271862
3535 E Ft Lowell Rd,32.265283,-110.916498,3.5,175382654,1714022080
5660 E Broadway Blvd,32.22119,-110.87113,4.0,175400904,175400912
7940 East Broadway Blvd,32.2205299,-110.82286,4.0,175400904,175400912
5114 E Speedway Blvd,32.235489,-110.883746,4.0,175271876,175271862
304 E 22nd St,32.20652,-110.96522,4.0,175286090,175286096
5851 N Oracle Rd,32.31322,-110.97873,3.5,175290295,175328563
5526 E Grant Rd,32.24949,-110.87381,4.5,175284459,175166353
2702 E Grant Rd,32.24998,-110.93203,4.0,175284459,175166353
2906 N Campbell Ave,32.2595,-110.94366,3.5,175291907,360658119
7823 E Broadway Blvd,32.222564,-110.825527,4.0,175400904,175400912
405 E Wetmore Rd,32.28742,-110.96579,4.5,579002255,578567527
1020 W Prince Rd,32.272598,-110.989474,3.5,175364137,175429953
2965 N Campbell Ave,32.2609481812,-110.944198608,3.0,175291907,360658119
5205 E Broadway Blvd,32.222033,-110.881323,3.5,175400904,175400912
5870 E Broadway Blvd,32.21986,-110.86599,4.5,175400904,175400912
Park Ave And 36th,32.19241,-110.95621,4.5,175273065,360738953
2908 S 4th Ave,32.1892308002,-110.965340574,3.5,175298838,175298839
3530 S 6th Ave,32.1784079956,-110.925513133,4.5,175298838,175298839
5404 S 12th Ave,32.1540870667,-110.978027344,4.0,175287543,1990548183
5252 S Mission Rd,32.1575234,-111.0083956,4.0,175019822,1719426621
6307 E Broadway,32.2215168,-110.8574655,4.0,175328739,175319034
231 E 26th St,32.20296,-110.96594,4.0,175204140,3784491697
1830 S 4th Ave,32.1998672485,-110.965652466,3.0,175298838,175298839
3421 E Broadway Blvd,32.22191,-110.91852,3.5,175400904,175400912
2920 N Oracle Rd,32.25992,-110.97717,4.0,175290295,175328563
3001 N Campbell Ave,32.26148,-110.94435,3.5,175291907,360658119
2720 N Oracle Rd,32.25642,-110.97746,3.0,175290295,175328563
3355 S 6th Ave,32.18542,-110.96744,3.5,175298838,175298839
2856 W Drexel Rd,32.1495092244,-111.0281115,4.0,175466382,175466384
,32.22155,-110.96976,4.0,175376020,175376029
2950 N Swan Rd,32.2605934143,-110.892303467,4.0,175279717,175282927
Benson Highway & Country Club,32.1567127481,-110.925500393,4.5,175281699,175281712
2400 N Pantano Rd,32.251237,-110.82337,3.5,175366255,175366271
3459 S 12th Ave,32.1838188171,-110.97718811,4.0,175287543,1990548183
S 12th Avenue And W Irvington Rd,32.16323,-110.97753,4.5,175422905,2447174474
610 N Grande Ave,32.230815,-110.989341,3.5,175269719,175269721
2634 E Broadway Blvd,32.2211,-110.9328,3.5,175400904,175400912
5870 E Broadway Blvd,32.21986,-110.86599,3.5,175400904,175400912
20 N Sarnoff Dr,32.2217699382,-110.815460086,5.0,175271126,175271133
698 W Irvington Rd,32.1635398865,-110.978347778,3.5,175329952,175336760
905 E University Blvd,32.2319217072,-110.957461816,3.0,360653125,355941216
4774 E Grant Rd,32.2500232789,-110.890924658,3.0,175284459,175166353
2902 E 22nd St,32.20655,-110.93008,3.5,175286090,175286096
3102 E Grant Rd,32.250108,-110.926384,4.5,175284459,175166353
1060 S Pantano Rd,32.20764,-110.82443,3.0,175285474,2406060210
235 W Wetmore Rd,32.2861638259,-110.97564356,3.5,579002255,578567527
4619 S Park Ave,32.1677742004,-110.956047058,4.0,175269306,175269315
4832 S 12th Ave,32.16436,-110.97785,4.0,175287543,1990548183
7114 E Broadway Blvd,32.22055,-110.84045,3.5,175400904,175400912
260 E Grant Rd,32.2503229,-110.9685808,5.0,175284459,175166353
1616 E 22nd St,32.20676,-110.94759,4.0,175286090,175286096
4011 E Grant Rd,32.2509325,-110.9074194,3.5,175284459,175166353
7865 E Speedway Blvd,32.23602,-110.82486,3.0,175271876,175271862
5231 S 12th Ave,32.156757,-110.976898,5.0,175287543,1990548183
2323 N Pantano Rd,32.2492294312,-110.824325562,2.5,175366255,175366271
999 N Swan Rd,32.234795,-110.892906,3.5,175279717,175282927
3225 N Swan Rd,32.265934,-110.893719,3.5,175279717,175282927
3055 N Campbell Ave,32.2623895149,-110.94412634,3.0,175291907,360658119
5380 E 22nd St,32.20649,-110.87754,2.5,175286090,175286096
4001 N Oracle Rd,32.2796499,-110.9789,3.0,175290295,175328563
5330 S 12th Ave,32.1550636292,-110.977989197,3.5,175287543,1990548183
3774 S 6th Ave,32.17814,-110.96864,3.5,175298838,175298839
7878 E Wrightstown Rd,32.25025177,-110.824409485,3.5,364047086,175498740
6501 E Grant Rd,32.2502733196,-110.851542989,3.5,175284459,175166353
5601 E Broadway Blvd,32.22219,-110.87255,3.0,175400904,175400912
5423 S Palo Verde,32.1539307,-110.9174728,4.5,175395623,175395629
1114 W St Mary's St,32.22998,-110.98895,5.0,175355736,175306615
2100 W Grant Rd,32.25113,-111.01238,3.5,175343966,1890943299
,32.2050437927,-110.875167847,3.0,175463293,175325057
1122 S 6th Ave,32.206962133,-110.968682617,5.0,175298838,175298839
3984 N Oracle Rd,32.27874,-110.9775,3.5,175290295,175328563
7115 E 22nd St,32.2075576782,-110.839363098,3.0,175286090,175286096
1602 S Park Ave,32.2023015,-110.95638,5.0,175269306,175269315
4352 E Speedway Blvd,32.235885,-110.89974,3.0,175271876,175271862
4240 E Grant Rd,32.2502632141,-110.902084351,2.5,175284459,175166353
1708 W Ajo Way,32.1785589,-111.001797,3.5,175324834,362732385
1400 W Prince Rd,32.2724,-110.99545,3.0,175364137,175429953
800 E University Blvd,32.2315439,-110.959311,3.0,360653125,355941216
425 W Irvington Rd,32.1629099,-110.97525,3.5,175329952,175336760
3553 S 12th Ave,32.18198,-110.97714,4.0,175287543,1990548183
3235 N Flowing Wells Rd,32.26582,-110.99554,3.5,3248810905,175268112
1055 E Irvington Rd,32.16391,-110.95497,4.5,175339377,175339364
3923 E Pima St,32.244017,-110.908779,3.5,175321175,3801416850
4470 N 1st Ave,32.28783,-110.96051,2.5,175287543,1990548183
7865 E Golf Links Rd,32.1921112402,-110.824479173,3.0,175464732,5733918219
305 N 4th Ave,32.22538,-110.96599,4.5,175287543,1990548183
4820 S 6th Ave,32.1645431519,-110.968475342,4.5,175298838,175298839
1202 W Irvington Rd,32.1639543184,-110.989612526,4.0,175329952,175336760
6320 E Golf Links Rd,32.19084,-110.85738,2.5,175464732,5733918219
840 E Broadway Blvd,32.22091,-110.95895,3.0,175400904,175400912
1725 W Ajo Way,32.17743,-111.00185,4.5,175324834,362732385
1908 S Country Club Rd,32.199321,-110.9269921,3.5,175353053,175353058
32 N Campbell Ave,32.22206,-110.94343,2.5,175291907,360658119
4837 N 1st Ave,32.29467,-110.96155,5.0,175287543,1990548183
712 E Prince Rd,32.271928386,-110.960258176,4.0,175270625,175270644
1818 E Speedway Blvd,32.23592,-110.944728,2.5,175271876,175271862
24 W Irvington Rd,32.1636,-110.9689,3.5,175329952,175336760
4535 E 22nd St,32.20747,-110.89561,5.0,175286090,175286096
5650 S 12th Ave,32.149822,-110.978096,5.0,175287543,1990548183
3680 E Grant Rd,32.25033,-110.91423,2.5,175284459,175166353
2936 E 22nd St,32.20639,-110.9291,3.5,175286090,175286096
2100 W Ruthrauff Rd,32.294758,-111.01255,4.5,175401732,175401722
2620 E 22nd St,32.206432,-110.933434,4.5,175286090,175286096
3640 S 6th Ave,32.1804695129,-110.968696594,3.5,175298838,175298839
4525 S Park Ave,32.1702626,-110.9559649,3.5,175269306,175269315
1720 W Speedway Blvd,32.236052,-111.003001,3.0,175271876,175271862
5012 S 12th Ave,32.1609575252,-110.977756865,4.0,175287543,1990548183
495 E. Wetmore Rd.,32.28683,-110.96436,2.5,579002255,578567527
3760 S Palo Verde Rd,32.178943634,-110.918716431,3.0,175395623,175395629
1111 S Wilmot Rd,32.20742,-110.85756,3.0,175354277,175354279
7203 E Golf Links Rd,32.19302,-110.8393,2.5,175464732,5733918219
110 E Grant Rd,32.25005,-110.97003,3.0,175284459,175166353
2150 W. River Rd.,32.30542,-111.0121,3.5,175585486,175299857
1372 W St Mary's Rd,32.22951,-110.99433,2.0,175355736,175306615
5420 S 12th Ave,32.1537800323,-110.977989882,4.5,175287543,1990548183
1905 W Grant Rd,32.2501227537,-111.007688977,3.5,175343966,1890943299
1730 E Prince Rd,32.27168,-110.94524,3.5,175270625,175270644
615 W Congress St,32.22035,-110.98097,2.5,175293699,175293706
Benson Highway & Alvernon Way,32.1467118335,-110.909546614,3.5,175578974,175434810
3455 E Grant Rd,32.250612,-110.918936,2.5,175284459,175166353
2175 E Irvington Rd,32.1637001038,-110.939582825,2.0,175339377,175339364
3930 East 22nd Street,32.20672,-110.90845,2.5,1043273826,175020307
2060 W River Rd,32.30636,-111.01143,1.5,175307153,175399160
1491 W St Marys St,32.22851,-110.99645,3.0,175404143,175469614
5670 S Nogales Hwy,32.14917,-110.963687,3.0,175342310,175342293
115 Ajo Way,32.1778848767,-110.967100114,5.0,175324834,362732385
4439 S 6th Ave,32.17109,-110.96787,5.0,175298838,175298839
2000 E Irvington Rd,32.1616898,-110.9417725,4.5,175339377,175339364
3910 E 29th St,32.1995400199,-110.907808878,2.5,175204140,3784491697
101 N Stone Ave,32.2234490742,-110.972138979,4.5,175269719,175269721
6616 E Grant Rd,32.249197,-110.851171,2.0,175284459,175166353
4581 S 12th Ave,32.1680356878,-110.97716175,5.0,175287543,1990548183
22ND St,32.206937,-110.905699,4.5,5992294129,5037397340
2910 E Speedway Blvd,32.2358302,-110.929074,2.0,175271876,175271862
1303 E University,32.2323054363,-110.951633491,1.5,175364886,4457646316
3120 W 26th St,32.1800538796,-110.968696028,4.5,175273727,175273750
1949 S 4th Ave,32.198894,-110.965003,2.5,175298838,175298839
522 North 4th Ave,32.2283153357,-110.965340627,3.5,175287543,1990548183
1491 W St Marys Rd,32.228869749,-110.996172577,3.0,175404143,175469614
201 N 4th Ave,32.22402,-110.96593,3.0,175287543,1990548183
4951 S Campbell Ave,32.162319,-110.943096,2.5,175288190,175288198
3126 E Ajo Way,32.1784502782,-110.925467536,4.5,175324834,362732385
4500 N Oracle Rd,32.288612,-110.973183,2.0,175290295,175328563
1 E Prince Rd,32.272346,-110.971855,3.5,175270625,175270644
3427 E Speedway Blvd,32.2363812555,-110.919734881,5.0,175271876,175271862
1015 E Benson Hwy,32.181303029,-110.955056995,2.5,175610658,339326825
405 W Congress St,32.220743,-110.97664,4.0,175293699,175293706
4855 S Park Ave,32.16405,-110.95573,3.0,175269306,175269315
3450 S 6th Ave,32.1839281165,-110.968319848,4.0,175298838,175298839
Mountain And Ft Lowell,32.2650247384,-110.952751972,5.0,175433049,175425298
4602 E 29th St,32.19943,-110.89408,5.0,175204140,3784491697
444 W Ajo Way,32.17812,-110.97566,5.0,175324834,362732385
,32.1484489441,-110.922851562,5.0,175325742,175325744
5034 S 12th Ave,32.1603889465,-110.977867126,5.0,175287543,1990548183
708 W. Ajo Way,32.177813,-110.979715,2.5,175324834,362732385
1501 West Saint Marys Rd,32.228678123,-110.997401771,2.5,175299308,175299317
4255 N Oracle Rd,32.2844979586,-110.978565879,3.0,175290295,175328563
,32.216594696,-110.97026062,4.0,175456556,175563573
1070 E Ajo Way,32.17738,-110.95548,2.0,175324834,362732385
840 E Fort Lowell Rd,32.2641487122,-110.958251953,3.0,175382654,1714022080
24 W Irvington Rd,32.1635971069,-110.968902588,2.5,175329952,175336760
4317 S 6th Ave,32.17271,-110.9679,2.0,175298838,175298839
752 W Irvington Rd,32.163462428,-110.979897236,4.0,175329952,175336760
,32.1731948853,-110.941383362,4.0,360645081,360732877
E Irvington Rd And S Park Ave,32.16335,-110.95618,4.0,175273110,175472671
2900 N Swan Rd,32.2602231,-110.8920921,2.0,175279717,175282927
3030 N 1st Ave,32.2620262,-110.9608651,3.0,175287543,1990548183
1337 E Prince Rd,32.2722549,-110.9514635,3.0,175270625,175270644
2501 E 22nd St,32.207226,-110.934822,3.0,175286090,175286096
103 E Alameda St,32.224724,-110.969917,3.0,175161608,175161610
3502 N Oracle Rd,32.269718,-110.977661,3.0,175290295,175328563
2000 E Drexel Rd Tucson,32.1488478371,-110.943230495,3.0,2024995986,175461973
3220 S Dodge Blvd,32.1865539551,-110.914146423,3.0,175057590,175327295
1365 W Grant St,32.24958,-110.99363,1.5,175359589,175359593
106 W Drachman St,32.23979,-110.97373,2.0,570528397,175370279
435 W Irvington Rd,32.1629099,-110.97565,1.0,175329952,175336760
332 W Ajo Way,32.17812,-110.97345,5.0,175324834,362732385
3719 E Speedway Blvd,32.2367172241,-110.913291931,1.0,175271876,175271862
Tucson Mall,32.288259,-110.977958,1.0,175380182,1931619995
,32.1484489441,-110.922851562,4.0,175325742,175325744
1439 S 4th Ave,32.20399,-110.96503,1.0,175298838,175298839
2602 S 4th Ave,32.1922633328,-110.965543596,1.0,175298838,175298839
4107 S 6th Ave,32.17467,-110.96792,1.0,175298838,175298839
5502 E Pima St,32.24311,-110.87511,4.0,175321175,3801416850
4699 E Speedway Blvd,32.236551315,-110.893036178,4.0,175271876,175271862
6255 E Golf Links Rd,32.1926898727,-110.859157629,3.5,175464732,5733918219
4951 E Grant Rd,32.25106,-110.88784,4.0,175284459,175166353
5532 E Speedway Blvd,32.2357406616,-110.874168396,3.0,175271876,175271862
4030 E Speedway Blvd,32.2358932495,-110.906364441,4.0,175271876,175271862
15 N Alvernon Way,32.22226,-110.90985,3.0,175338898,175338910
2445 S Craycroft Rd,32.19431,-110.87453,3.0,175401011,175307870
4660 E Camp Lowell Dr,32.26499,-110.89309,4.5,175386801,175386804
845 E University Blvd,32.23197,-110.95869,3.5,360653125,355941216
150 W Fort Lowell Rd,32.26487,-110.97365,3.5,175382654,1714022080
2727 N Campbell Ave,32.25643,-110.94433,3.5,175291907,360658119
6751 E Broadway Blvd,32.2217203,-110.848841,3.5,175400904,175400912
100 N Stone Ave,32.22318,-110.97107,4.5,175269719,175269721
1526 N Alvernon Way,32.24139,-110.90947,4.5,175338898,175338910
3752 E Grant Rd,32.2510403042,-110.912602618,4.5,175284459,175166353
6041 E 22nd St,32.2073898,-110.8635178,4.5,175286090,175286096
3051 E 36th St,32.19141,-110.92692,5.0,175204140,3784491697
1202 W Niagara St,32.2318924405,-110.990032233,3.5,175435951,175406436
22ND St And 6th Ave,32.207185,-110.968636,4.5,175286090,175286096
,32.2802085876,-110.956748962,5.0,175522051,175522058
7940 East Broadway Blvd,32.2205299,-110.82286,4.0,175400904,175400912
3795 N Oracle Rd,32.2217429,-110.926479,4.5,175290295,175328563
Park Ave And 36th,32.19241,-110.95621,4.5,175273065,360738953
2810 E Speedway Blvd,32.2357409936,-110.930472873,3.0,175271876,175271862
8060 E 22nd St,32.2059023914,-110.821076913,3.5,175286090,175286096
103 E Alameda St,32.22473,-110.96993,5.0,175161608,175161610
241 N Stone Ave,32.2250816639,-110.971829854,5.0,175269719,175269721
305 N 4th Ave,32.22538,-110.96599,4.5,175287543,1990548183
712 E Prince Rd,32.271928386,-110.960258176,4.0,175270625,175270644
2100 W Ruthrauff Rd,32.294758,-111.01255,4.5,175401732,175401722
2620 E 22nd St,32.206432,-110.933434,4.5,175286090,175286096
4902 S 12th Ave,32.162868,-110.977867,5.0,175287543,1990548183
1901 E Fort Lowell Rd,32.2650112508,-110.943482879,5.0,175382654,1714022080
370 N Toole,32.22256,-110.966559,4.5,175272607,175291402
5765 East Broadway,32.22216,-110.869293,3.0,175328739,175319034
2327 North Country Club Rd,32.2502004469,-110.927051716,5.0,175123900,175121027
2043 East Broadway Blvd,32.22171,-110.94122,3.0,175400904,175400912
3460 N Oracle Rd,32.26927,-110.97755,2.5,175290295,175328563
1481 S Alvernon Way,32.20356,-110.909096,3.0,175275028,175275063
1579 W Grant Rd,32.2503857,-110.9995368,3.0,175343966,1890943299
806 E University Blvd,32.2313128043,-110.959013589,3.0,360653125,355941216
2155 South 6th Ave,32.196851,-110.9682552,2.5,175298838,175298839
1960 W River Rd,32.30568,-111.00912,2.0,175307153,175399160
3427 E Speedway Blvd,32.2363812555,-110.919734881,5.0,175271876,175271862
4100 S Palo Verde Rd,32.17415,-110.91954,5.0,175395623,175395629
5663 S 12th Ave,32.1496658325,-110.976974487,5.0,175287543,1990548183
North 1st Ave,32.2575537795,-110.961085595,3.0,1606093658,175341069
Alameda St,32.2233549959,-110.974658854,3.5,402285564,402285132
625 West Ajo Way,32.1775,-110.9786,3.5,175324834,362732385
12TH And Ajo Wy,32.1780371,-110.976623297,4.0,175302264,175324917
1401 S Kolb Rd,32.20407,-110.84051,3.0,475497168,175368195
E Irvington Rd And S Park Ave,32.16335,-110.95618,4.0,175273110,175472671
3030 N 1st Ave,32.2620262,-110.9608651,3.0,175287543,1990548183
1337 E Prince Rd,32.2722549,-110.9514635,3.0,175270625,175270644
2501 E 22nd St,32.207226,-110.934822,3.0,175286090,175286096
103 E Alameda St,32.224724,-110.969917,3.0,175161608,175161610
3502 N Oracle Rd,32.269718,-110.977661,3.0,175290295,175328563
5835 S Park Ave,32.145931,-110.955581,3.0,175269306,175269315
4755 S Butterfield Dr,32.2107257,-110.8850949,5.0,175398507,175398538
3207 E Ajo Way,32.1781846411,-110.924226738,5.0,175324834,362732385
425 N 4th Ave,32.227024,-110.965836,3.5,175287543,1990548183
