178617349,178617350,39.6767239,-75.7453626,39.6770341,-75.7439135,0.129007829053,Chambers Street
178618999,2681570375,39.6620660,-75.7793039,39.6610175,-75.7780239,0.160053817106,n/a
178620584,178620588,39.6717754,-75.7534095,39.6703817,-75.7532615,0.155260352075,South College Avenue
178682820,178620628,39.6829696,-75.7597186,39.6823755,-75.7577353,0.18248186525,Forest Lane
178622377,1225679170,39.6687598,-75.7388637,39.6687986,-75.7351699,0.316975834652,n/a
178624442,178660613,39.6826552,-75.7761181,39.6791241,-75.7759350,0.392367318224,Webb Road
1352135813,1352135800,39.6865818,-75.7360177,39.6865835,-75.7361777,0.0137265756495,East Cleveland Avenue
178626559,178626566,39.6777206,-75.7622182,39.6776529,-75.7621021,0.0124785761466,Apple Road
178627350,178627351,39.6553828,-75.7699359,39.6550142,-75.7693688,0.0635891071224,Overlook Court
620704035,178631648,39.6578337,-75.7481241,39.6577971,-75.7484339,0.0268953539528,Cannons Way
178632094,178632096,39.6747746,-75.7252383,39.6750463,-75.7251578,0.0309469699207,Hopkins Court
178638399,178714908,39.6703991,-75.7634613,39.6709136,-75.7683383,0.422340741876,Chrysler Avenue
178633048,178633037,39.6858097,-75.7367709,39.6842102,-75.7389730,0.259276188857,n/a
5925868455,178633083,39.6837378,-75.7443088,39.6830120,-75.7536282,0.803533985955,East Main Street
178633149,178633153,39.6735352,-75.7258166,39.6751671,-75.7258358,0.181194703711,Albion Drive
178633917,178633922,39.6906880,-75.7806662,39.6908270,-75.7828170,0.185135308862,North Townview Lane
178634237,2781498311,39.6865809,-75.7657655,39.6906686,-75.7767364,1.04481084344,Nottingham Road
620741518,620741912,39.6767599,-75.7357829,39.6786018,-75.7358013,0.204509385666,Library Avenue
620737645,568186892,39.6844888,-75.7367593,39.6815863,-75.7363623,0.324055024355,Library Avenue
178634835,3311203186,39.6945900,-75.7361910,39.6951110,-75.7362690,0.0582315936631,Glen View Place
178635178,178635179,39.6981555,-75.7747911,39.6989931,-75.7740854,0.110959679694,Boundary Road
178635604,178635611,39.6755660,-75.7621450,39.6758077,-75.7643318,0.189529168818,Murray Road
178635685,178635687,39.6747280,-75.7258160,39.6748213,-75.7246599,0.0997300521752,Hopkins Court
2781498097,178635748,39.6901160,-75.7752531,39.6885873,-75.7758378,0.176984934455,Old Casho Mill Road
3274917251,3274917278,39.6690928,-75.7774794,39.6690143,-75.7810199,0.303916450133,Suburban Drive
3274917284,178636700,39.6683495,-75.7807999,39.6655272,-75.7761185,0.509463286657,Suburban Drive
178636990,178636992,39.6868369,-75.7605975,39.6874023,-75.7605064,0.0632601352855,Kennard Drive
178637200,3810751465,39.6814906,-75.7472216,39.6816764,-75.7455228,0.147191415663,Victoria Court
178637220,178637216,39.6808954,-75.7456823,39.6816200,-75.7459988,0.0849097065127,Victoria Court
668408224,668408244,39.6523839,-75.7797881,39.6525275,-75.7804636,0.0601272875245,n/a
178637375,178637378,39.6848292,-75.7610750,39.6872870,-75.7595251,0.303552533484,Corbit Street
178637439,178637452,39.6769984,-75.7846843,39.6791337,-75.7850368,0.239000146002,Chickory Way
178624671,178637586,39.7004855,-75.7717075,39.7008828,-75.7692011,0.219442079101,Hilltop Road
178637621,178637624,39.6938790,-75.7367490,39.6937370,-75.7361870,0.0507177748143,Meadow Wind Circle
178637665,3655951185,39.6695260,-75.7715022,39.6648249,-75.7688843,0.568240608221,Gravenor Lane
178637957,178637963,39.6752771,-75.7503899,39.6749824,-75.7456103,0.411379394425,Courtney Street
178637988,178638000,39.6613040,-75.7329307,39.6592482,-75.7312632,0.269398690136,Kullen Drive
178638149,178638154,39.6807882,-75.7632318,39.6807773,-75.7643472,0.0956980009354,Hullihen Court
178626528,178638164,39.6868840,-75.7545670,39.6870269,-75.7593749,0.41273886707,Ray Street
178638399,178638411,39.6703991,-75.7634613,39.6687870,-75.7613522,0.254532551155,Bradford Drive
178638460,178638461,39.6711800,-75.7259830,39.6730490,-75.7261850,0.20823449738,Copperfield Lane
178638689,178638691,39.6980274,-75.7496288,39.6986730,-75.7516101,0.18443229236,Mimosa Drive
178638886,178638888,39.6980820,-75.7308020,39.6969190,-75.7320310,0.166688546419,West Chapel Hill Drive
178638901,178638913,39.6880083,-75.7726399,39.6875633,-75.7746250,0.177307799719,Tufts Lane
178637963,178639246,39.6749824,-75.7456103,39.6754649,-75.7433494,0.201240016335,Ashley Road
178639450,178639456,39.6685088,-75.7642379,39.6676267,-75.7630968,0.138487666218,Leeds Lane
178640127,178640160,39.6942103,-75.7746636,39.6975452,-75.7809641,0.655084321751,Mill Station Drive
178640747,178640753,39.6903240,-75.7244960,39.6875400,-75.7260480,0.336554502077,Adelene Drive
178641158,178641167,39.6774841,-75.7535402,39.6771498,-75.7615106,0.684822686494,Winslow Road
178641345,178641350,39.6806274,-75.7847630,39.6801971,-75.7819630,0.244918651648,North Fawn Drive
178641506,178641508,39.6561409,-75.7387373,39.6558455,-75.7424542,0.320669099747,Havertown Road
178642156,178642157,39.6751210,-75.7851390,39.6752610,-75.7841420,0.0869405190085,East Shetland Court
178642270,178620063,39.6530879,-75.7498669,39.6523558,-75.7484530,0.146055828963,Old Cooches Bridge Road
178642566,178642585,39.6549380,-75.7609060,39.6564628,-75.7695336,0.759538604354,Lark Drive
178642837,955523912,39.6872207,-75.7847338,39.6828582,-75.7818751,0.542905250338,Georgian Circle
178642917,1352135841,39.6898050,-75.7258430,39.6913697,-75.7268376,0.193544697753,Anna Way
178642923,947585132,39.7002600,-75.7840773,39.7017513,-75.7793696,0.436388826141,The Horseshoe
178642967,178642991,39.6853401,-75.7717399,39.6885511,-75.7751290,0.460024810934,Baylor Drive
178643445,178643452,39.6554070,-75.7560770,39.6538320,-75.7540110,0.249033744227,Art Lane
178643536,178643542,39.6893350,-75.7329090,39.6872060,-75.7316960,0.258268013855,Poplar Avenue
178643581,178643584,39.6950040,-75.7374680,39.6954590,-75.7392900,0.164239489589,Kenneth Drive
178643771,178643775,39.6790082,-75.7535620,39.6794490,-75.7562568,0.236315963674,Kent Way
178644272,178644284,39.6780820,-75.7772816,39.6760700,-75.7759460,0.251063788812,Sue Lane
178644289,178644297,39.6946501,-75.7663366,39.6942800,-75.7688827,0.222219512792,Locust Drive
178644313,178644318,39.6934095,-75.7761163,39.6929257,-75.7748528,0.120958027157,Fairvalley Court
178644438,178644439,39.6569575,-75.7495619,39.6567149,-75.7492923,0.0355082722888,Cornwallis Square
178644745,178644748,39.6523120,-75.7271027,39.6541946,-75.7277910,0.217208396404,Shea Way
178644827,178644828,39.7002917,-75.7746856,39.6994127,-75.7758184,0.137709917537,Brentwood Lane
178645053,540759782,39.6740144,-75.7700891,39.6741785,-75.7696227,0.04396897816,Adams Avenue
178645777,178645792,39.6538220,-75.7608080,39.6549905,-75.7663026,0.489082932614,Dove Drive
178645940,178645945,39.6529060,-75.7559340,39.6516216,-75.7555321,0.14671664118,Del Grove Avenue
178646135,1595673164,39.6888020,-75.7763688,39.6790254,-75.7752667,1.08959150509,Casho Mill Road
178646372,5544401212,39.6744108,-75.7542403,39.6747254,-75.7649012,0.915349019464,West Park Place
178646372,178646400,39.6744108,-75.7542403,39.6742440,-75.7534952,0.0665566534255,n/a
178646401,178646407,39.6939118,-75.7799295,39.6927416,-75.7805323,0.139836066362,Falling Tree Court
587661176,587661180,39.6591085,-75.7442623,39.6589617,-75.7441792,0.0177907767964,Robscott Turn
178646433,178646447,39.6561750,-75.7491660,39.6564576,-75.7439955,0.444842460175,Glyn Drive
178646450,178633150,39.6738000,-75.7280980,39.6740100,-75.7259030,0.189765914213,Fleming Street
178646462,3311203173,39.6965840,-75.7353900,39.6978190,-75.7327590,0.264054351885,Nightingale Circle
178647199,178647209,39.6859930,-75.7793353,39.6875175,-75.7820252,0.286171666586,South Wynwyd Drive
178647267,178647279,39.6932720,-75.7819439,39.6943220,-75.7826552,0.131579990753,Head Water Lane
178647700,178647715,39.6736050,-75.7837510,39.6726450,-75.7870850,0.305268516095,Kinross Drive
178647997,178647885,39.6900314,-75.7843422,39.6816511,-75.7886687,1.00174381917,Valley Road
178648562,2837730579,39.6743922,-75.7268298,39.6748852,-75.7269040,0.0551059616666,Gilbert Court
178648594,178648599,39.6518673,-75.7745932,39.6499854,-75.7744138,0.20951002607,Michigan State Drive
178626584,178648841,39.6547020,-75.7527730,39.6431640,-75.7880570,3.28821088131,West Chestnut Hill Road
178648848,178648849,39.6557717,-75.7512955,39.6556660,-75.7514540,0.0179654665521,n/a
178649253,178649255,39.6961706,-75.7875358,39.6948138,-75.7838901,0.347093840457,Virginia Avenue
178643584,178649321,39.6954590,-75.7392900,39.6955270,-75.7409570,0.143181050213,Kenneth Court
2780751237,178649553,39.6637256,-75.7778856,39.6613359,-75.7788723,0.278506851653,Interchange Boulevard
178649612,178649614,39.6762640,-75.7781970,39.6767924,-75.7779429,0.0625870031655,Francis Circle
178649617,178649640,39.6636359,-75.7241824,39.6715190,-75.7198710,0.95021951385,Martindale Drive
178628215,178649743,39.6508890,-75.7803680,39.6562226,-75.7700976,1.06189519374,North Hunter Forge Road
178649898,178649913,39.6757691,-75.7664024,39.6759475,-75.7699873,0.308208136317,Madison Drive
178649918,178649961,39.6619680,-75.7186920,39.6547130,-75.7331690,1.48066452727,Scottfield Drive
178650103,1492186424,39.6552282,-75.7361046,39.6539723,-75.7336797,0.250507013199,Blue Hen Drive
178650280,178650308,39.6939021,-75.7629819,39.6980340,-75.7661020,0.531110679459,Freemont Road
178650603,178650624,39.6698590,-75.7653980,39.6663962,-75.7694709,0.519568467734,Cornwall Drive
178650836,178650844,39.6611724,-75.7347973,39.6585100,-75.7338160,0.30736237007,Keller Road
178650875,178650877,39.6797590,-75.7469870,39.6800765,-75.7446741,0.201533533239,Continental Avenue
178640079,178651016,39.6979300,-75.7765138,39.6973730,-75.7753964,0.114059639698,Confluence Court
178651060,178694059,39.6671500,-75.7528312,39.6671490,-75.7529650,0.0114815174124,n/a
178651173,178651179,39.6876967,-75.7543133,39.6879620,-75.7522020,0.183490090812,North Street
178651283,178651285,39.6756218,-75.7591640,39.6755954,-75.7610067,0.158124500351,Grantham Place
178651447,178651449,39.6953002,-75.7732781,39.6952465,-75.7722799,0.0858251893584,Hartford Place
178651856,178651859,39.6985645,-75.7844962,39.6978059,-75.7850821,0.0980782680972,Haywood Court
178642837,178652461,39.6872207,-75.7847338,39.6872621,-75.7878495,0.26731103557,Lakeside Drive
178653159,178645787,39.6566440,-75.7638520,39.6547170,-75.7650480,0.237298222275,Oriole Drive
178648791,3625342119,39.6531880,-75.7552660,39.6515445,-75.7528439,0.276604368392,Rock Lane
178653617,178653618,39.6865538,-75.7496995,39.6873576,-75.7499902,0.0926633075574,Kershaw Street
178650277,178653721,39.6936415,-75.7637216,39.6926892,-75.7732574,0.82473735211,Country Club Drive
178653802,178653812,39.6836442,-75.7710396,39.6818301,-75.7747705,0.378167531967,Harvard Lane
620679676,620679696,39.6518357,-75.7593468,39.6502820,-75.7592451,0.172724791588,Cobblefield Drive
178654098,178646375,39.6765224,-75.7551150,39.6745220,-75.7551070,0.222102279228,Indian Road
178647700,178654252,39.6736050,-75.7837510,39.6738390,-75.7825950,0.102529828318,Kinross Court
178654676,178654682,39.6819899,-75.7494772,39.6821972,-75.7451703,0.370198851223,East Delaware Avenue
178654712,2446645474,39.6829205,-75.7376650,39.6829596,-75.7371413,0.0451361658054,East Delaware Avenue
178654769,178654770,39.6554034,-75.7386344,39.6550975,-75.7425915,0.341299327997,Ardmore Drive
178654774,178626347,39.6668840,-75.7283110,39.6718034,-75.7139079,1.3511650184,Brookside Boulevard
178654881,178654884,39.6742960,-75.7839780,39.6745750,-75.7824410,0.135460974313,Macduff Court
178654908,178648787,39.6576310,-75.7547250,39.6541150,-75.7536070,0.401992877667,Minquil Drive
178654930,178643582,39.6934960,-75.7388390,39.6952390,-75.7383720,0.197625151086,Lena Drive
178626526,178655393,39.6867360,-75.7545540,39.6870460,-75.7519620,0.224996710853,Prospect Avenue
178655395,178655412,39.6919680,-75.7415450,39.6918890,-75.7393190,0.191139562018,Wrangler Road
178655527,178655534,39.6533720,-75.7449860,39.6518419,-75.7462346,0.200858258063,Kitty Lane
178655713,178655723,39.6627440,-75.7294170,39.6642300,-75.7282630,0.19242466368,Morris Lane
178655403,178655862,39.6913880,-75.7402010,39.6911330,-75.7392460,0.0866719045152,Ranch Court
178725792,6283900521,39.6768222,-75.7631132,39.6775281,-75.7647745,0.16265796085,Veterans Lane
178656138,178656145,39.6848240,-75.7800306,39.6853265,-75.7808675,0.0909231337313,Swallow Circle
178634237,178646145,39.6865809,-75.7657655,39.6801638,-75.7753619,1.08874404111,Bent Lane
178638886,178656809,39.6980820,-75.7308020,39.7020430,-75.7335120,0.497426713466,Chapel Hill Drive
5545104960,3311199096,39.6956478,-75.7507856,39.6922001,-75.7484042,0.43388256346,Wharton Drive
2390242505,178657705,39.6581990,-75.7559410,39.6575260,-75.7516740,0.373733494573,Park Drive
178657859,2597773989,39.6888838,-75.7484204,39.6890865,-75.7481896,0.0299743198217,Creek View Road
178653710,178624675,39.6929513,-75.7660588,39.7022169,-75.7720735,1.15084881611,Stamford Drive
178648009,178658605,39.6860350,-75.7847880,39.6858551,-75.7828466,0.167734138987,Queen Marys Drive
178658720,178658730,39.6850822,-75.7617404,39.6800603,-75.7647586,0.614761144592,Old Oak Road
178659073,178659103,39.6916060,-75.7258707,39.6889680,-75.7111300,1.29791343336,South Dillwyn Road
178659678,178659681,39.6516346,-75.7301175,39.6533035,-75.7304893,0.188022103677,McMillan Way
178660000,178660016,39.6929770,-75.7367580,39.6912050,-75.7495130,1.11162402611,Old Paper Mill Road
178643582,3311203183,39.6952390,-75.7383720,39.6960140,-75.7380430,0.0905563211565,Lena Court
178646146,178660616,39.6791458,-75.7752760,39.6786540,-75.7801220,0.419320865445,Pickett Lane
178660789,178660805,39.6844734,-75.7708690,39.6829688,-75.7748019,0.376482133493,Fiske Lane
178660824,178660825,39.6635780,-75.7353991,39.6631391,-75.7353453,0.0489484655014,Kensington Circle
178633083,2601214708,39.6830120,-75.7536282,39.6829673,-75.7560309,0.206181205249,West Main Street
178661178,178661176,39.6840709,-75.7590810,39.6831040,-75.7565767,0.24016477359,West Main Street
178661537,178661563,39.6950433,-75.7185001,39.7012146,-75.7267216,0.983219817033,Old Possum Park Road
178661784,178661786,39.6845301,-75.7575391,39.6849331,-75.7563895,0.108294647522,Church Street
178662690,178662694,39.6741380,-75.7325660,39.6734119,-75.7323757,0.0822544912364,Dunsmore Road
178662802,178662816,39.6956170,-75.7697515,39.6964926,-75.7731880,0.310371406875,Hanover Place
178633089,178662847,39.6836408,-75.7455349,39.6857882,-75.7460539,0.242544176787,North Chapel Street
3311199138,178663191,39.6966306,-75.7485731,39.6977330,-75.7477380,0.141815569552,Johnce Road
178621595,178663940,39.6770733,-75.7706710,39.6773604,-75.7733095,0.228602306765,Ethan Allen Court
620704035,178664798,39.6578337,-75.7481241,39.6578584,-75.7478469,0.0239464486563,Cannons Way
178665154,178665155,39.6715360,-75.7632753,39.6715050,-75.7645210,0.106938485164,Firethorn Court
178666143,178666146,39.6735390,-75.7567550,39.6734380,-75.7608683,0.353095914065,Manns Avenue
178646441,178666272,39.6561478,-75.7477423,39.6512590,-75.7436324,0.647333764802,Janice Drive
178626559,494433179,39.6777206,-75.7622182,39.6787663,-75.7637932,0.178152740452,Apple Road
178646144,178656071,39.6822035,-75.7754475,39.6777186,-75.7799827,0.631932936258,Rahway Drive
178646150,178666598,39.6770516,-75.7745272,39.6772019,-75.7739311,0.0537959204314,Blair Court
178666704,178666711,39.6626810,-75.7302900,39.6651200,-75.7284020,0.315561500077,Marlin Drive
2601214708,2114990826,39.6829673,-75.7560309,39.6830012,-75.7561863,0.0138525115305,West Main Street
178667438,178667439,39.6573780,-75.7278940,39.6578690,-75.7281570,0.0590023861436,Belfield Drive
178667717,178667719,39.6748929,-75.7708550,39.6753284,-75.7707225,0.0496712591428,Connell Circle
178667881,178667905,39.6634348,-75.7368734,39.6654645,-75.7269836,0.878058528208,Kensington Lane
178667922,178667924,39.6713360,-75.7250380,39.6731190,-75.7253230,0.199468090844,Carlin Lane
178667967,178667976,39.6956681,-75.7466162,39.6972439,-75.7500536,0.342833086903,Register Drive
1687710247,178668015,39.6819821,-75.7567969,39.6816067,-75.7553304,0.132533944188,West Delaware Avenue
178649618,178649626,39.6647473,-75.7243454,39.6704640,-75.7234350,0.639504377255,Montrose Drive
178670422,178670425,39.6898280,-75.7315150,39.6872090,-75.7303070,0.308695765492,Orchard Avenue
178670576,178633922,39.6898842,-75.7808612,39.6908270,-75.7828170,0.197743837678,South Townview Lane
178635748,178656619,39.6885873,-75.7758378,39.6801805,-75.7747114,0.938383406106,Vassar Drive
178649965,1492186424,39.6545420,-75.7329020,39.6539723,-75.7336797,0.0919550410984,Scottfield Turn
178672187,178650310,39.6934025,-75.7698843,39.6979121,-75.7662744,0.588697782739,Cambridge Drive
2837731602,2837730567,39.6774966,-75.7264131,39.6770410,-75.7265566,0.0520612200997,Southway Drive
178672997,178672994,39.6803377,-75.7557624,39.6800441,-75.7535817,0.189902942783,Amstel Avenue
2446645593,178673038,39.6826191,-75.7408219,39.6817000,-75.7409965,0.103139771187,Caldwell Place
178725796,178673165,39.6733354,-75.7671023,39.6734476,-75.7671645,0.0135523769832,Thorn Lane
178673211,178646444,39.6601095,-75.7392647,39.6563007,-75.7459921,0.715642096854,Sanford Drive
178673317,178673319,39.6716720,-75.7241480,39.6731970,-75.7243440,0.170151313289,Curry Lane
178634244,178673330,39.6879882,-75.7695425,39.6872831,-75.7698370,0.0822614593679,Radcliffe Drive
178673330,178634241,39.6872831,-75.7698370,39.6879205,-75.7693607,0.0817172345234,Radcliffe Drive
178673634,3311203047,39.6955620,-75.7344670,39.6958760,-75.7338550,0.0630148378202,Moss Court
178635748,178673847,39.6885873,-75.7758378,39.6924237,-75.7871908,1.06291884028,West Church Road
178637376,178674017,39.6858476,-75.7604249,39.6854919,-75.7595018,0.0884890856879,Wilson Street
178674124,2456019624,39.6775044,-75.7831804,39.6772463,-75.7831989,0.0287003615564,Blue Hen Ridge
178674587,178674596,39.6887420,-75.7782705,39.6883770,-75.7805061,0.196006173662,Woodsman Drive
178674736,178674742,39.6795794,-75.7497027,39.6794083,-75.7445077,0.446092863012,Lovett Avenue
2837730599,178646451,39.6751149,-75.7278725,39.6738500,-75.7276730,0.14147904195,Keith Street
178646371,178674811,39.6744379,-75.7534990,39.6745308,-75.7430184,0.89927321306,East Park Place
178640075,178674826,39.6974542,-75.7774475,39.6981602,-75.7774954,0.0784939428068,Clear Spring Lane
178674969,178674976,39.6745539,-75.7716609,39.6733889,-75.7715918,0.129483855236,Phelps Lane
178633091,178654704,39.6839130,-75.7420580,39.6809997,-75.7417071,0.324857198914,Tyre Avenue
178675694,178675714,39.6683420,-75.7311810,39.6692853,-75.7274807,0.334331977142,Mallboro Drive
178675990,178676008,39.6816329,-75.7604863,39.6818376,-75.7702350,0.83663983398,Cheltenham Road
178648848,564411972,39.6557717,-75.7512955,39.6562000,-75.7506798,0.0710870642523,Old E Chestnut Hill Road
178676746,178676749,39.6905672,-75.7631973,39.6909612,-75.7623836,0.0823731124223,Renee Court
178677011,178677014,39.6779548,-75.7395224,39.6786461,-75.7366289,0.259837685354,Duke Street
178677012,178677019,39.6782995,-75.7379149,39.6779920,-75.7378121,0.0352620140752,Duke Street
1594041792,178641345,39.6792855,-75.7820243,39.6806274,-75.7847630,0.278212568413,South Fawn Drive
178677279,178677304,39.6824985,-75.7599418,39.6866124,-75.7725913,1.17735585065,Dallam Road
178677632,178677636,39.6526818,-75.7759082,39.6529037,-75.7738897,0.174980454366,Penn State Drive
178675996,178678675,39.6837163,-75.7658966,39.6805510,-75.7687307,0.427343925562,Wilson Road
178679451,178679455,39.6776486,-75.7253379,39.6763650,-75.7251906,0.143075315398,Palmer Place
178672739,178666551,39.6798910,-75.7759967,39.6797220,-75.7800510,0.34832970858,Aster Avenue
178679611,178679613,39.6532730,-75.7461527,39.6529372,-75.7461002,0.0375544749352,Karen Circle
178679658,178646151,39.6773518,-75.7791477,39.6765691,-75.7742937,0.42541888404,Julie Lane
178637377,178681344,39.6866328,-75.7599472,39.6869120,-75.7611230,0.10551951079,Terry Lane
178666897,178661178,39.6854680,-75.7583310,39.6840709,-75.7590810,0.167931832533,North Hillside Road
178653266,178681578,39.6522793,-75.7543062,39.6517921,-75.7546068,0.0599302293425,Crystal Court
178670241,178649625,39.6650701,-75.7234973,39.6702570,-75.7242830,0.57982523789,Meadow Lane
178655413,3311203046,39.6919450,-75.7393180,39.6992941,-75.7371317,0.837232517294,Nonantum Drive
178645944,178682221,39.6520750,-75.7556720,39.6514207,-75.7572838,0.156249183511,Pennwood Drive
178646387,178682286,39.6746882,-75.7633161,39.6705510,-75.7630723,0.459822527682,Willa Road
178682317,178682324,39.7010460,-75.7479920,39.7013260,-75.7463150,0.14714922225,Cook Way
178654910,178654916,39.6569246,-75.7550770,39.6550791,-75.7542941,0.215636964955,Lenape Lane
178683106,178649938,39.6606500,-75.7179310,39.6597360,-75.7261610,0.713516000082,Broadfield Road
178683145,178681957,39.6990980,-75.7398610,39.6981900,-75.7361840,0.331090931656,Elma Drive
178683697,178667889,39.6625762,-75.7323068,39.6639440,-75.7315160,0.166336269228,Knickerbocker Drive
178633150,178685228,39.6740100,-75.7259030,39.6741810,-75.7236820,0.191501799725,Elliot Street
178685453,178685457,39.6857792,-75.7544376,39.6856560,-75.7577894,0.287856188372,West Cleveland Avenue
178685760,178685764,39.6884480,-75.7240992,39.6884070,-75.7244970,0.0344258611011,Magnolia Circle
178681875,178654881,39.6730875,-75.7876659,39.6742960,-75.7839780,0.34369166991,Macduff Road
178685957,3311203052,39.6947080,-75.7348230,39.6941650,-75.7345980,0.0633022001528,Wood Song Circle
178686100,178638886,39.7044760,-75.7318900,39.6980820,-75.7308020,0.716025006378,Aronimink Drive
178661178,2781515673,39.6840709,-75.7590810,39.6798572,-75.7640622,0.633629721193,Hillside Road
178633089,178654682,39.6836408,-75.7455349,39.6821972,-75.7451703,0.16330419134,South Chapel Street
178687375,1749280567,39.6584730,-75.7350478,39.6612128,-75.7358720,0.312309383342,South Chapel Street
178687434,178667881,39.6666060,-75.7383180,39.6634348,-75.7368734,0.373276658503,South Chapel Street
178687778,178687779,39.6703854,-75.7558803,39.6703247,-75.7581131,0.191699584805,B Street
178687797,178687778,39.6718738,-75.7558533,39.6703854,-75.7558803,0.165270788104,Phillips Avenue
178661146,178688129,39.6829966,-75.7540712,39.6954750,-75.7559790,1.39509183156,North College Avenue
178688212,178660000,39.6930441,-75.7337950,39.6929770,-75.7367580,0.25426058881,Creek Bend Drive
178658165,178688279,39.6937720,-75.7661924,39.6940550,-75.7723733,0.531090293852,Meriden Drive
178688518,178688525,39.6709490,-75.7568200,39.6707746,-75.7623366,0.473733619765,Dallas Avenue
178648013,178642858,39.6845704,-75.7848486,39.6844269,-75.7817212,0.268758453555,Queen Anne Drive
178688835,178688845,39.6513470,-75.7419850,39.6535461,-75.7427930,0.253818550624,Douglas D Alley Drive
178648810,3449225395,39.6514017,-75.7644282,39.6474321,-75.7644527,0.440741380509,Independence Way
178689175,178689199,39.6975861,-75.7645964,39.6985818,-75.7607126,0.350974369883,Lynn Drive
178653713,178688263,39.6924747,-75.7709361,39.6932940,-75.7710800,0.0917994315296,Danbury Road
178649945,178689773,39.6578090,-75.7313960,39.6551390,-75.7303110,0.310724879944,Richfield Road
178689788,178689792,39.6749434,-75.7240247,39.6767310,-75.7243320,0.200217894325,Clarion Court
178689825,178689829,39.6528737,-75.7243347,39.6553298,-75.7249601,0.27792787949,Garfield Way
178690719,178690732,39.6553850,-75.7664590,39.6535777,-75.7683529,0.258232303284,Blue Jay Drive
178666926,178691514,39.6916523,-75.7620081,39.6910997,-75.7630283,0.106875286308,Andrew Way
178648806,178691549,39.6515920,-75.7621340,39.6487418,-75.7617245,0.318397558142,Highfield Drive
178691762,178691767,39.6889058,-75.7810840,39.6885742,-75.7836300,0.22147824286,Woodshaw Road
178642156,178691885,39.6751210,-75.7851390,39.6750240,-75.7861080,0.0838321770126,West Shetland Court
178691957,178691958,39.6759930,-75.7853210,39.6761030,-75.7844170,0.078515301255,East Galloway Court
178692095,178692097,39.6847350,-75.7486750,39.6848227,-75.7477672,0.0784822068789,Linden Street
178672737,178666550,39.6806449,-75.7760504,39.6804980,-75.7799990,0.339144490119,Kenilworth Avenue
178725798,6221438504,39.6720710,-75.7685267,39.6737930,-75.7725587,0.395261869464,O'Daniel Avenue
178637959,178692705,39.6751732,-75.7473268,39.6723978,-75.7473333,0.30814864372,Manuel Street
178672192,178693714,39.6966660,-75.7695940,39.6970674,-75.7713764,0.159240585439,Hempsted Drive
178693827,178693832,39.6902710,-75.7300990,39.6881578,-75.7291628,0.247988844507,Ash Avenue
178688215,178693860,39.6928960,-75.7350390,39.6919440,-75.7354560,0.111587353353,Creek Bend Court
3659282227,3659282229,39.6676918,-75.7586519,39.6685155,-75.7562756,0.223470847465,Mopar Drive
178674740,178617349,39.6792132,-75.7459633,39.6767239,-75.7453626,0.281146962348,Benny Street
178649911,178649892,39.6762377,-75.7696796,39.6748764,-75.7669682,0.277417444741,College Park
178687368,178695133,39.6641876,-75.7372251,39.6643286,-75.7358911,0.11553686795,Murry View Court
178695945,178695948,39.6615497,-75.7291504,39.6600840,-75.7286459,0.168394369502,Kress Drive
178658181,178696771,39.6990945,-75.7694626,39.6996644,-75.7690174,0.073903666948,Hearn Place
178697005,178697007,39.6930770,-75.7407220,39.6927380,-75.7406620,0.0379889648387,Carla Court
178696150,178667891,39.6621441,-75.7301972,39.6640330,-75.7304620,0.210948516224,North Kingston Road
178633086,178698483,39.6834183,-75.7484111,39.6853556,-75.7487585,0.217150403044,Center Street
178628163,178699212,39.6765448,-75.7725355,39.6771259,-75.7728100,0.0686825283857,Patrick Henry Court
178699212,2781498351,39.6771259,-75.7728100,39.6773796,-75.7729325,0.0300647290173,Patrick Henry Court
178667968,178699217,39.6957630,-75.7469360,39.6971780,-75.7462060,0.169122923628,Lynley Lane
178700406,178666255,39.6557216,-75.7441271,39.6554238,-75.7476298,0.30241935544,Alwyn Drive
178700894,2837730580,39.6755058,-75.7270672,39.6750276,-75.7283175,0.119692213536,Kimberton Drive
178620063,178701021,39.6523558,-75.7484530,39.6517032,-75.7495829,0.12105389718,Welsh Tract Road
178645794,178647702,39.6768205,-75.7856029,39.6733280,-75.7845700,0.397764360627,Abbotsford Lane
178633085,178703242,39.6833442,-75.7493618,39.6716855,-75.7505475,1.29843829952,Academy Street
178703433,178703453,39.6874470,-75.7272500,39.6892869,-75.7241414,0.335912987324,Hawthorne Avenue
178703769,178675709,39.6656460,-75.7290120,39.6693180,-75.7295140,0.409964948367,Metten Road
178648005,178654717,39.6878608,-75.7846396,39.6888237,-75.7878586,0.2961022551,Dixon Drive
178674126,178637446,39.6780445,-75.7832927,39.6780743,-75.7838757,0.0501269432367,Country Place Drive
178704018,178649892,39.6743683,-75.7662326,39.6748764,-75.7669682,0.084650561374,Lincoln Drive
178704325,178704330,39.6765379,-75.7535235,39.6764748,-75.7611883,0.657642317669,Sunset Road
3311521467,178646433,39.6566766,-75.7499816,39.6561750,-75.7491660,0.089447558614,Dekalb Square
178673337,178646141,39.6852030,-75.7707234,39.6852639,-75.7755393,0.413185656113,Lafayette Road
178706366,178706367,39.6732771,-75.7515553,39.6716674,-75.7515247,0.178741610881,Wollaston Avenue
178683146,3311203044,39.6984270,-75.7371290,39.6971420,-75.7394580,0.245474820868,Harriet Court
178707278,178707279,39.6885631,-75.7377392,39.6869566,-75.7378914,0.178844696658,Mc Kees Lane
178707662,178707664,39.6906540,-75.7840320,39.6908170,-75.7845559,0.0484462685312,Stone Barn Court
178653721,178707739,39.6926892,-75.7732574,39.6920778,-75.7759004,0.236650507259,Windsor Drive
178660014,3590618918,39.6911940,-75.7489563,39.6906965,-75.7491156,0.0569018157912,Curtis Lane
178666914,1097105645,39.6890455,-75.7602601,39.6886727,-75.7553961,0.419282825377,David Hollowell Drive
178709409,178709424,39.6915060,-75.7838220,39.6926200,-75.7849269,0.155821567187,High Pond Drive
178646378,178641160,39.6747605,-75.7579646,39.6774478,-75.7580265,0.298413919821,Townsend Road
178666144,178709484,39.6735043,-75.7581190,39.6718540,-75.7580948,0.183241848881,Townsend Road
178641167,178710085,39.6771498,-75.7615106,39.6693278,-75.7609956,0.869587197215,Apple Road
178630136,178700894,39.6751063,-75.7230574,39.6755058,-75.7270672,0.346876197858,Durham Court
1934289385,178676025,39.6519939,-75.7659944,39.6520940,-75.7699236,0.337409475267,Colorado Drive
178703374,178710772,39.6875376,-75.7465854,39.6885586,-75.7474889,0.13732190359,Annabella Street
178628194,178663937,39.6768060,-75.7716021,39.6774419,-75.7719071,0.0752961671705,Nathan Hale Court
178711143,178626582,39.6539250,-75.7509750,39.6548570,-75.7525500,0.170231885634,Plymouth Drive
178679658,178644273,39.6773518,-75.7791477,39.6776960,-75.7772450,0.167654288836,Allison Lane
178712026,178712029,39.6615505,-75.7520489,39.6614131,-75.7535316,0.128147743678,Marvin Drive
178712109,178712112,39.6734972,-75.7313242,39.6743290,-75.7315260,0.0939623917853,Turnbridge Road
178712238,178712250,39.6930710,-75.7419470,39.6938100,-75.7410190,0.11431623386,Ruth Ellen Court North
178712378,178712238,39.6924600,-75.7421320,39.6930710,-75.7419470,0.0696697715271,Ruth Ellen Court South
178713090,1769364893,39.6822540,-75.7397610,39.6827163,-75.7393038,0.064598784506,Haslet Place
178649952,178713096,39.6568950,-75.7335810,39.6570300,-75.7338760,0.0294211421511,Pinefield Court
178649965,178713124,39.6545420,-75.7329020,39.6587750,-75.7295050,0.553057741591,Oakfield Drive
178713330,178713337,39.6907180,-75.7286260,39.6873690,-75.7283000,0.372885051069,Elm Avenue
178689788,178685227,39.6749434,-75.7240247,39.6741590,-75.7239560,0.0872899015023,Jamison Street
178707279,178713450,39.6869566,-75.7378914,39.6884599,-75.7393932,0.210843721946,Terrace Drive
178667899,178675703,39.6644850,-75.7292080,39.6694140,-75.7304600,0.557703223588,Montvale Road
178646142,178714199,39.6844970,-75.7755252,39.6845210,-75.7782744,0.235856694891,Pheasant Run
178714497,178676747,39.6919092,-75.7636311,39.6907156,-75.7629107,0.146222618181,Heather Court
178714630,178714645,39.6573445,-75.7422792,39.6543070,-75.7384814,0.469006463004,Gill Drive
178714989,587664622,39.6536803,-75.7411504,39.6520797,-75.7401897,0.195907182956,Matthew Flocco Drive
178640747,178642198,39.6903240,-75.7244960,39.6921920,-75.7195580,0.47161968697,Mulberry Road
178715335,178689199,39.6969630,-75.7596440,39.6985818,-75.7607126,0.20175325207,Woodhill Drive
178673217,178618080,39.6581326,-75.7444195,39.6538330,-75.7493010,0.635133067462,Anglin Drive
178700907,178715657,39.6778320,-75.7244010,39.6773190,-75.7243550,0.0570941529671,Waltham Street
178654881,178647700,39.6742960,-75.7839780,39.6736050,-75.7837510,0.079154135167,Mackenzie Drive
178634238,178656609,39.6869779,-75.7668311,39.6836549,-75.7687994,0.40574975952,Tanglewood Lane
178716132,2527683216,39.6762873,-75.7639651,39.6772513,-75.7660570,0.208966352196,Rittenhouse Road
178688108,178716285,39.6895443,-75.7539076,39.6889873,-75.7507038,0.281693232175,White Clay Drive
178716392,178716399,39.7011940,-75.7684240,39.7004460,-75.7669760,0.149398657692,Red Pine Court
178649944,178713107,39.6580860,-75.7304610,39.6554360,-75.7293570,0.309102880875,Linfield Road
178714997,178716472,39.6534612,-75.7439082,39.6509300,-75.7435994,0.282280876656,Anita Drive
178716968,178714913,39.6720952,-75.7669774,39.6699534,-75.7668786,0.237951503613,Swarthmore Drive
178647201,178717003,39.6866077,-75.7810284,39.6861145,-75.7813470,0.0612008248146,Pagoda Lane
178642566,178648800,39.6549380,-75.7609060,39.6517050,-75.7605940,0.359950824264,Arbour Drive
178717680,178717707,39.6577187,-75.7683639,39.6551920,-75.7605610,0.726034827809,Arbour Drive
178682281,178717810,39.6733679,-75.7633142,39.6725940,-75.7664242,0.280330682585,Lehigh Road
2446645594,178717958,39.6826143,-75.7407908,39.6832016,-75.7404065,0.0730675040382,Independence Circle
178716971,178718153,39.6714019,-75.7660979,39.6710321,-75.7668330,0.0752594929652,Susquehanna Circle
2781498102,947610827,39.6904157,-75.7760578,39.6921937,-75.7760071,0.197456936931,Delrem Drive
178668015,178672997,39.6816067,-75.7553304,39.6803377,-75.7557624,0.145687978453,Orchard Road
178714643,178719109,39.6546540,-75.7385298,39.6543595,-75.7427105,0.360285630923,Myers Road
178719241,178719258,39.6428799,-75.7794407,39.6542994,-75.7814667,1.27975211088,Otts Chapel Road
620691135,178719297,39.6579203,-75.7847415,39.6549808,-75.7822124,0.391950520025,Otts Chapel Road
178719923,710709877,39.6963056,-75.7833203,39.6974321,-75.7874402,0.374846946625,Rising Road
178689199,178720384,39.6985818,-75.7607126,39.6983484,-75.7623317,0.141264657802,Woodhill Court
178620586,6268947309,39.6706700,-75.7533018,39.6706298,-75.7541550,0.0733427994337,Holton Place
178694059,1711421897,39.6671490,-75.7529650,39.6632372,-75.7524555,0.436515074491,South College Avenue
178634264,178721064,39.6919386,-75.7800646,39.6876960,-75.7784570,0.490820022941,Panorama Drive
178721438,178721500,39.6923359,-75.7791838,39.6996534,-75.7865549,1.02946290841,Hidden Valley Drive
178713119,178649942,39.6570860,-75.7288470,39.6589730,-75.7277190,0.230792669818,Campfield Road
178663368,3311203176,39.7015837,-75.7271427,39.7025906,-75.7366821,0.825738020268,St Regis Drive
178722184,178710555,39.6521698,-75.7764303,39.6521919,-75.7758984,0.0457165019751,North Carolina State Court
178722222,178722227,39.6751667,-75.7296668,39.6733340,-75.7290294,0.210702544441,Aylesboro Road
178723386,178723387,39.6775470,-75.7392881,39.6785396,-75.7398781,0.121275511517,Yale Drive
178723665,178714632,39.6588320,-75.7404882,39.6575567,-75.7398595,0.151525265811,Natalie Lane
178656799,178686108,39.7001810,-75.7303940,39.7012540,-75.7338370,0.318417088738,Eberly Drive
178689394,178657859,39.6870567,-75.7469932,39.6888838,-75.7484204,0.236940355888,Paper Mill Road
3580715739,3580715791,39.6691976,-75.7746097,39.6702230,-75.7757895,0.152345844238,Christina Mill Drive
3580715714,178724314,39.6685812,-75.7726849,39.6695410,-75.7744655,0.186276602127,Christina Mill Drive
3580717160,3580715791,39.6707946,-75.7761113,39.6702230,-75.7757895,0.0692101070495,Christina Mill Drive
178721054,955515848,39.6914989,-75.7803352,39.6839178,-75.7798523,0.842737894015,Timberline Drive
178662694,178722226,39.6734119,-75.7323757,39.6736730,-75.7291454,0.278668870885,Witherspoon Lane
178675012,178725219,39.6825675,-75.7419672,39.6827182,-75.7376395,0.371640974794,Delaware Circle
178725294,178725291,39.6871045,-75.7346172,39.6866592,-75.7354233,0.0850061875818,Woodlawn Avenue
178649946,178713106,39.6575430,-75.7323360,39.6548910,-75.7312360,0.309209479176,Maplefield Road
178681942,178725748,39.6947560,-75.7395970,39.6947100,-75.7412450,0.141445976981,Esmer Court
178725791,178688520,39.6794740,-75.7601250,39.6709420,-75.7593861,0.949413214524,Beverly Road
178661557,178726893,39.7007480,-75.7248710,39.7021960,-75.7235560,0.196383201515,Stoney Brae Road
178727384,2780744342,39.6612055,-75.7259486,39.6614073,-75.7260227,0.0232903455008,Manfield Road
178646445,178727393,39.6563930,-75.7449430,39.6569685,-75.7449956,0.0640558956989,Elk Lane
178714909,178717813,39.6702534,-75.7673500,39.6695292,-75.7699180,0.234556178706,Kenyon Lane
1608972532,178618714,39.6885938,-75.7478772,39.6880701,-75.7461647,0.157988709401,Woolen Way
178688525,178727698,39.6707746,-75.7623366,39.6672769,-75.7694445,0.723033986248,Devon Drive
178685457,178638158,39.6856560,-75.7577894,39.6869581,-75.7578680,0.14472750053,Rose Street
178720621,178728213,39.6732570,-75.7534623,39.6733430,-75.7448360,0.740193137123,Kells Avenue
178638907,178660799,39.6874068,-75.7734603,39.6834972,-75.7735420,0.434133967745,Amherst Drive
178681936,3311203185,39.6932770,-75.7398020,39.6956730,-75.7371639,0.349243674198,Wilkerdean Drive East
178729333,178675713,39.6650610,-75.7306410,39.6691840,-75.7286340,0.489091804156,Mercer Drive
178729566,178729575,39.6727910,-75.7301320,39.6708850,-75.7286980,0.244788913403,Chippendale Circle
178640115,178729683,39.6952198,-75.7749758,39.6957397,-75.7743531,0.0786428329691,Point Avenue
178685938,178647705,39.6740810,-75.7859730,39.6730300,-75.7855660,0.121803811985,Braemar Drive
178696123,178729840,39.6619630,-75.7301699,39.6594951,-75.7293759,0.282351046724,South Kingston Road
178634239,178658730,39.6873764,-75.7679006,39.6800603,-75.7647586,0.855848924074,Briar Lane
178712238,178681936,39.6930710,-75.7419470,39.6932770,-75.7398020,0.185403194319,Wilkerdean Drive West
178730479,178633088,39.6856327,-75.7471877,39.6835500,-75.7467191,0.234707351348,Choate Street
178730586,178696132,39.6604545,-75.7393819,39.6606495,-75.7393171,0.0223532138555,Argyle Road
178730804,178687412,39.6759774,-75.7455588,39.6763759,-75.7436723,0.167792394302,Wyoming Road
178649932,178731442,39.6605470,-75.7244220,39.6581330,-75.7232100,0.287495632438,Postfield Road
178731468,178640666,39.6711000,-75.7268400,39.6733733,-75.7223082,0.463569066045,Carlisle Road
178650285,178715336,39.6955333,-75.7620541,39.6974820,-75.7596720,0.297584970456,Wakefield Drive
178656057,178731968,39.6791772,-75.7667932,39.6786372,-75.7666042,0.0621093054881,Barksdale Professional Center
178667526,947585126,39.7011597,-75.7864443,39.7000833,-75.7837274,0.261877314732,Bridle Brook Lane
3311203043,178660000,39.6982420,-75.7349230,39.6929770,-75.7367580,0.605384253202,Shenandoah Drive
178629029,2446623861,39.6845177,-75.7365983,39.6850981,-75.7367515,0.0657674754575,Capitol Trail
3731156476,178734493,39.6706279,-75.7646526,39.6662966,-75.7674840,0.538782049162,Shull Drive
178633087,178734607,39.6834897,-75.7474942,39.6769549,-75.7465669,0.729897369464,Haines Street
178637963,178674809,39.6749824,-75.7456103,39.6741820,-75.7447460,0.115742555789,Haines Street
178734718,178734720,39.6833777,-75.7380003,39.6836141,-75.7374343,0.0551954095017,McKean Place
178650605,178650622,39.6688210,-75.7653920,39.6665183,-75.7690652,0.405839172345,Alexandria Drive
178655532,178716471,39.6523358,-75.7454254,39.6520410,-75.7437304,0.149110987946,Donna Drive
178633095,178654712,39.6842760,-75.7383260,39.6829205,-75.7376650,0.160827451097,Washington Street
178720623,178710077,39.6720530,-75.7534670,39.6718270,-75.7608386,0.632988957353,Ritter Lane
178722222,5918321417,39.6751667,-75.7296668,39.6768479,-75.7295685,0.186851398508,West Village Road
178737046,178725026,39.6746218,-75.7306036,39.6735831,-75.7302606,0.119020812271,Farnsworth Road
178653721,178658185,39.6926892,-75.7732574,39.6995021,-75.7711546,0.777633006873,Country Club Drive North
178691957,178738432,39.6759930,-75.7853210,39.6758790,-75.7862960,0.0846034180829,West Galloway Court
178639395,178710553,39.6477837,-75.7790821,39.6518349,-75.7755052,0.544578375217,Arizona State Drive
178724933,178647209,39.6867592,-75.7788399,39.6875175,-75.7820252,0.285919303918,North Wynwyd Drive
178686650,178678669,39.6808843,-75.7609395,39.6830390,-75.7665453,0.537132286189,Sypherd Drive
3311203161,3311203059,39.6911229,-75.7365565,39.6909262,-75.7363382,0.0287678831437,Fall Brooke Road
178674756,178739400,39.6745833,-75.7277822,39.6745630,-75.7282510,0.0402851297651,Lynford Street
178727384,178686255,39.6612055,-75.7259486,39.6586830,-75.7221160,0.431986477641,Manfield Road
178687373,178740116,39.6600211,-75.7356194,39.6604717,-75.7277942,0.673385019953,Kenmar Drive
178649952,178713105,39.6568950,-75.7335810,39.6546000,-75.7321360,0.283384277082,Pinefield Road
1579596778,1579596760,39.6716530,-75.7523319,39.6708436,-75.7530003,0.106606669663,Water Works Lane
178740478,178740490,39.6814240,-75.7839762,39.6815538,-75.7818200,0.185539409487,Squirrel Lane
178717810,178725796,39.6725940,-75.7664242,39.6733354,-75.7671023,0.100801819664,Short Lane
178682319,178741340,39.7007240,-75.7467250,39.6995980,-75.7469620,0.126660171486,Lasalle Way
2780744427,2780744330,39.6619488,-75.7262975,39.6630170,-75.7230473,0.303077755549,Chestnut Hill Plaza
178673340,178670767,39.6826030,-75.7712394,39.6809360,-75.7747477,0.353328806997,Colgate Lane
178689387,178651179,39.6861031,-75.7517774,39.6879620,-75.7522020,0.209580393092,Wilbur Street
178635604,178646382,39.6755660,-75.7621450,39.6746927,-75.7619590,0.0982655637312,Peach Road
178672190,178737360,39.6945484,-75.7698570,39.6940992,-75.7734101,0.308815469661,Wilshire Lane
178672735,178666547,39.6814139,-75.7760768,39.6815350,-75.7797450,0.314979444897,Rockmoss Avenue
178731478,178742248,39.6732660,-75.7234890,39.6711300,-75.7318480,0.755401630826,Chaucer Drive
178656061,178742312,39.6787589,-75.7719390,39.6770501,-75.7730594,0.212686199633,Colonial Court
178672198,947540876,39.6970350,-75.7684783,39.6980637,-75.7706440,0.21805621816,Fairfield Drive
178700896,178679452,39.6767549,-75.7262876,39.6766890,-75.7252216,0.0917498806756,Westerly Street
178742817,540758027,39.6731828,-75.7713195,39.6728817,-75.7729672,0.145271198971,Westfield Circle
178714641,178742844,39.6568693,-75.7388389,39.6566105,-75.7423402,0.30185197779,Cordrey Road
178698483,178662847,39.6853556,-75.7487585,39.6857882,-75.7460539,0.236931561755,New Street
178643542,178677051,39.6872060,-75.7316960,39.6879360,-75.7210190,0.919471154716,Stafford Avenue
2837730544,5544904594,39.6743656,-75.7342637,39.6748471,-75.7295043,0.411830675777,Whitechapel Drive
178646137,178646140,39.6879124,-75.7762595,39.6859283,-75.7756113,0.227201123183,Timber Creek Lane
178715607,178666257,39.6549736,-75.7442739,39.6546780,-75.7475406,0.282270109926,Aldershot Drive
178673215,178719109,39.6586565,-75.7430742,39.6543595,-75.7427105,0.478107421335,Bobby Drive
178743899,178743910,39.6849118,-75.7761603,39.6841486,-75.7784462,0.213622206701,Quail Lane
178744350,178626577,39.6581000,-75.7530893,39.6574418,-75.7530279,0.0732683924534,Brook Drive
178626579,178626584,39.6574600,-75.7528700,39.6547020,-75.7527730,0.306328442497,Brook Drive
178706664,3311203058,39.6976790,-75.7387200,39.6981050,-75.7391900,0.0621461065826,Seiber Court
178638154,178730140,39.6807773,-75.7643472,39.6802240,-75.7677463,0.298011075229,Hullihen Drive
178647997,178744960,39.6900314,-75.7843422,39.6918720,-75.7837230,0.211148800193,Spring Water Way
178744963,178740105,39.6583350,-75.7343550,39.6612384,-75.7338649,0.32509111893,Kollman Drive
178667883,178745098,39.6636630,-75.7345560,39.6624990,-75.7333710,0.164445893933,Korda Road
178681943,178745303,39.6962000,-75.7389850,39.6997710,-75.7393840,0.39795812215,Vanier Drive
178689183,178745344,39.6966411,-75.7636538,39.6962681,-75.7637596,0.0423962926062,Winfield Drive
178667881,1419655941,39.6634348,-75.7368734,39.6623056,-75.7365778,0.127913365868,South Chapel Street
1579596745,178646400,39.6707879,-75.7531445,39.6742440,-75.7534952,0.384903035474,South College Avenue
178720512,1579596745,39.6685950,-75.7529862,39.6707879,-75.7531445,0.243852519501,South College Avenue
178634776,178634783,39.6760167,-75.7359391,39.6745357,-75.7365121,0.171624882762,Library Avenue
178634783,178634798,39.6745357,-75.7365121,39.6696470,-75.7388290,0.578042422579,Library Avenue
494433179,178666425,39.6787663,-75.7637932,39.6790526,-75.7642206,0.0485279580705,Apple Road
178666425,1687709594,39.6790526,-75.7642206,39.6791786,-75.7643880,0.0200490561025,Apple Road
587698355,178734180,39.6869410,-75.7357074,39.6918478,-75.7253709,1.04065741019,Capitol Trail
178633048,620737645,39.6858097,-75.7367709,39.6844888,-75.7367593,0.146661038188,Capitol Trail
479663934,778787725,39.6620353,-75.7364345,39.6617080,-75.7362969,0.038209784432,South Chapel Street
1513649460,620741891,39.6812512,-75.7363148,39.6785652,-75.7359208,0.300132018723,Library Avenue
178634776,620741518,39.6760167,-75.7359391,39.6767599,-75.7357829,0.0835974730391,Library Avenue
2601214679,1687710357,39.6827563,-75.7564717,39.6824321,-75.7568437,0.0481052907297,South Main Street
178646371,178654675,39.6744379,-75.7534990,39.6816547,-75.7536232,0.801340980228,South College Avenue
178674811,178687414,39.6745308,-75.7430184,39.6736923,-75.7426851,0.0973903093441,South Chapel Street
178687412,5935917252,39.6763759,-75.7436723,39.6819217,-75.7451102,0.62797745398,South Chapel Street
3566319008,1513649447,39.6821280,-75.7432999,39.6815336,-75.7368030,0.561255234532,East Delaware Avenue
568186894,620737760,39.6816030,-75.7362318,39.6844351,-75.7365876,0.315921921002,Library Avenue
178645083,178687375,39.6504141,-75.7325101,39.6584730,-75.7350478,0.920888332598,South Chapel Street
178727372,178727375,39.6801293,-75.7304336,39.6820607,-75.7313394,0.228086179901,Marrows Road
620741912,1513483722,39.6786018,-75.7358013,39.6786642,-75.7355117,0.025793478736,Wyoming Road
564421140,564411972,39.6575907,-75.7486986,39.6562000,-75.7506798,0.22967428172,Old East Chestnut Hill Road
178676471,178631648,39.6580594,-75.7484179,39.6577971,-75.7484339,0.0291550136233,Old East Chestnut Hill Road
2780758480,620704035,39.6577313,-75.7485147,39.6578337,-75.7481241,0.0353963435264,Cannons Way
2780758459,564421140,39.6577239,-75.7487053,39.6575907,-75.7486986,0.014800111082,n/a
620737645,178633037,39.6844888,-75.7367593,39.6842102,-75.7389730,0.192406653402,East Main Street
178654704,6268073296,39.6809997,-75.7417071,39.6783957,-75.7412030,0.29233484782,Tyre Avenue
568190363,178727375,39.6822635,-75.7318539,39.6820607,-75.7313394,0.0495497114756,n/a
1513483722,2157558649,39.6786642,-75.7355117,39.6798958,-75.7311628,0.397369929101,Wyoming Road
587661186,587661183,39.6584206,-75.7436805,39.6589933,-75.7440443,0.0708368888927,Robscott Turn
178719109,178743850,39.6543595,-75.7427105,39.6539915,-75.7427172,0.0408623479187,Bobby Drive
178714989,178620062,39.6536803,-75.7411504,39.6526910,-75.7489670,0.679786883096,Edjil Drive
178619963,178696201,39.6686580,-75.7475128,39.6587353,-75.7457893,1.11158197539,Sincock Lane
620702308,178651060,39.6591387,-75.7516454,39.6671500,-75.7528312,0.895281426225,South College Avenue
178664798,3569235793,39.6578584,-75.7478469,39.6578768,-75.7455410,0.197899446584,East Chestnut Hill Road
178664798,587674396,39.6578584,-75.7478469,39.6569473,-75.7476558,0.102478453702,Cannons Way
587674394,587674395,39.6569269,-75.7478884,39.6570404,-75.7467803,0.0959280207938,Cannons Way
495878599,178734107,39.6929989,-75.7233874,39.6919191,-75.7254125,0.211060531155,Capitol Trail
178734107,178633048,39.6919191,-75.7254125,39.6858097,-75.7367709,1.18719247289,Capitol Trail
178734180,178630910,39.6918478,-75.7253709,39.6929328,-75.7233368,0.212023974404,Capitol Trail
587696799,587696789,39.6905816,-75.7263588,39.6902176,-75.7272958,0.0899630171877,Gilberti Lane
178725294,178703437,39.6871045,-75.7346172,39.6894160,-75.7262140,0.765158386172,Woodlawn Avenue
1352135813,178725291,39.6865818,-75.7360177,39.6866592,-75.7354233,0.0517084813108,Woodlawn Avenue
587709621,587709631,39.6914566,-75.7257925,39.6922315,-75.7239178,0.182374665601,A Street
178689394,2595253486,39.6870567,-75.7469932,39.6868056,-75.7485701,0.138113598216,East Cleveland Avenue
178620063,178642241,39.6523558,-75.7484530,39.6476260,-75.7424400,0.736285164114,Old Cooches Bridge Road
178720528,620676832,39.6516470,-75.7496880,39.6513109,-75.7502339,0.0598973301893,Welsh Tract Road
620676832,620677443,39.6513109,-75.7502339,39.6516387,-75.7495373,0.0699931446449,Welsh Tract Road
620677443,620677740,39.6516387,-75.7495373,39.6522939,-75.7483725,0.123636122807,Welsh Tract Road
620696165,3274917284,39.6655981,-75.7760417,39.6683495,-75.7807999,0.509920630376,Suburban Drive
178725755,6270559912,39.6812609,-75.7582756,39.6786726,-75.7611247,0.377265528899,South Main Street
178631648,178696137,39.6577971,-75.7484339,39.6582794,-75.7473528,0.10712266557,Old East Chestnut Hill Road
620704035,620704016,39.6578337,-75.7481241,39.6579600,-75.7483333,0.0227806595604,n/a
178619957,178651060,39.6691006,-75.7405733,39.6671500,-75.7528312,1.07386444858,Farm Lane
620741891,1513462470,39.6785652,-75.7359208,39.6784304,-75.7363778,0.0419668936896,Wyoming Road
620752258,620752270,39.6844339,-75.7370605,39.6847236,-75.7376298,0.0584782309194,n/a
178666923,663448449,39.6912540,-75.7615797,39.6901688,-75.7570150,0.409669451233,Christiana Drive
178707905,663448444,39.6900890,-75.7585338,39.6907951,-75.7585166,0.0784112394897,Christiana Drive
178719250,668408224,39.6521591,-75.7803668,39.6523839,-75.7797881,0.0555858285469,n/a
178633037,2598319339,39.6842102,-75.7389730,39.6839458,-75.7416474,0.23129678579,East Main Street
5545401618,178663392,39.6958230,-75.7207316,39.7144866,-75.7381783,2.55591770041,Possum Park Road
178661178,178634237,39.6840709,-75.7590810,39.6865809,-75.7657655,0.637559242052,West Main Street
178633083,178654675,39.6830120,-75.7536282,39.6816547,-75.7536232,0.150699640007,South College Avenue
178725810,178637665,39.6654710,-75.7758694,39.6695260,-75.7715022,0.585767570824,Elkton Road
5865575125,178666897,39.6857219,-75.7585306,39.6854680,-75.7583310,0.032982815695,New London Road
778795382,178666894,39.6831650,-75.7566664,39.6833104,-75.7564953,0.0218188711677,n/a
620737760,178629029,39.6844351,-75.7365876,39.6845177,-75.7365983,0.00921678167464,Library Avenue
178719300,178719241,39.6542250,-75.7815472,39.6428799,-75.7794407,1.27253202944,Otts Chapel Road
178719297,178719300,39.6549808,-75.7822124,39.6542250,-75.7815472,0.101493316233,Otts Chapel Road
178719258,178719260,39.6542994,-75.7814667,39.6549767,-75.7820514,0.090404668215,Otts Chapel Road
178719260,178725777,39.6549767,-75.7820514,39.6580202,-75.7846400,0.404398614432,Otts Chapel Road
178670981,2157558643,39.6779001,-75.7293650,39.6789910,-75.7298726,0.128711927803,Marrows Road
178727370,178670981,39.6770372,-75.7290438,39.6779001,-75.7293650,0.0996908672017,Marrows Road
178705026,178644827,39.7054560,-75.7758323,39.7002917,-75.7746856,0.581759304339,Darien Road
178644827,178705064,39.7002917,-75.7746856,39.6993935,-75.7728377,0.187253210662,Darien Road
178705064,178705070,39.6993935,-75.7728377,39.6985608,-75.7723926,0.100025176056,Darien Road
178650310,178667004,39.6979121,-75.7662744,39.7095983,-75.7774905,1.61517739472,New London Road
947585112,178642931,39.7003179,-75.7801776,39.6995120,-75.7826709,0.231807169449,The Horseshoe
947585126,2035155240,39.7000833,-75.7837274,39.7011206,-75.7771681,0.574230611231,Bridle Brook Lane
178718692,178640133,39.6926782,-75.7764438,39.6940900,-75.7756673,0.170313738255,Delrem Drive
947610827,178718692,39.6921937,-75.7760071,39.6926782,-75.7764438,0.0655503902673,Delrem Drive
178642856,955545111,39.6860083,-75.7827230,39.6857011,-75.7825284,0.0379740591697,Queen Marys Drive
178647267,178674951,39.6932720,-75.7819439,39.6934548,-75.7785450,0.29224489184,Farm House Road
178624196,1004978932,39.6585870,-75.7561600,39.6588420,-75.7567097,0.0550177374026,n/a
1004979455,178624192,39.6588837,-75.7567813,39.6585450,-75.7573123,0.0590820809429,n/a
1097105522,1097105625,39.6906639,-75.7575528,39.6908093,-75.7571538,0.0378416468621,n/a
1097105719,1097105804,39.6914311,-75.7592960,39.6915720,-75.7579475,0.116723246985,n/a
1097105712,1097105897,39.6906302,-75.7610645,39.6901553,-75.7622373,0.113581266703,Grays Avenue
1097131892,1097131868,39.6893492,-75.7595274,39.6892328,-75.7591787,0.0325839279525,n/a
1097131842,1097131890,39.6891865,-75.7592202,39.6890404,-75.7586775,0.0492979370319,n/a
561473397,2009613837,39.6671637,-75.7523390,39.6669389,-75.7505200,0.158066210462,n/a
1145738322,1145738274,39.6656470,-75.7504605,39.6660285,-75.7471298,0.288924597315,Roger Martin Lane
2654365005,1145738261,39.6652120,-75.7527125,39.6650306,-75.7511482,0.135734420393,n/a
561473397,1145738293,39.6671637,-75.7523390,39.6650195,-75.7519518,0.240374001975,n/a
1158065682,178712026,39.6616874,-75.7499028,39.6615505,-75.7520489,0.184791325138,n/a
2009423300,1201837803,39.6622683,-75.7517746,39.6606844,-75.7498072,0.243781876601,n/a
1201837719,1201837795,39.6600074,-75.7503934,39.6609620,-75.7462098,0.374334587108,n/a
1215944265,1215944268,39.6662705,-75.7471650,39.6660189,-75.7460656,0.0983866510173,n/a
1215944264,1215944262,39.6662936,-75.7468964,39.6659918,-75.7468549,0.0336970087919,n/a
1216022181,1201837741,39.6604879,-75.7461109,39.6604787,-75.7476920,0.135686375956,Richardson Lane
1235130550,1235130539,39.6750712,-75.7403932,39.6747970,-75.7402744,0.0321049529046,n/a
5545104978,178724090,39.6971730,-75.7500920,39.7087856,-75.7450655,1.35949214196,Paper Mill Road
1248489335,1248489326,39.6891907,-75.7486056,39.6895989,-75.7488124,0.0486698487323,Paper Mill Road
178690363,1352135804,39.6905096,-75.7264752,39.6903173,-75.7261833,0.0329058107502,n/a
1352135834,1352135879,39.6904498,-75.7298097,39.6917172,-75.7301972,0.144590135214,Trout Stream Drive
2781498102,178646135,39.6904157,-75.7760578,39.6888020,-75.7763688,0.18114216558,New Casho Mill Road
1419655944,568186894,39.6797338,-75.7359950,39.6816030,-75.7362318,0.20852641091,Library Avenue
1419655941,479663934,39.6623056,-75.7365778,39.6620353,-75.7364345,0.0324325694453,South Chapel Street
178687425,178667881,39.6627669,-75.7365155,39.6634348,-75.7368734,0.0802639670015,South Chapel Street
178632100,540762996,39.6715033,-75.7691785,39.6715805,-75.7692814,0.0123052686175,Chrysler Avenue
178638399,178688525,39.6703991,-75.7634613,39.6707746,-75.7623366,0.105123072862,Chrysler Avenue
5194266425,620696165,39.6696241,-75.7716262,39.6655981,-75.7760417,0.585967256177,Elkton Road
178632100,178725796,39.6715033,-75.7691785,39.6733354,-75.7671023,0.2703908,Elkton Road
620741912,1513486162,39.6786018,-75.7358013,39.6789013,-75.7358621,0.0336596552034,Library Avenue
1513462504,1513462470,39.6789300,-75.7359730,39.6784304,-75.7363778,0.0654446200056,n/a
1513483722,1513486162,39.6786642,-75.7355117,39.6789013,-75.7358621,0.0399588028755,n/a
1513649447,1513649460,39.6815336,-75.7368030,39.6812512,-75.7363148,0.0523186035462,n/a
2781498311,2781497985,39.6906686,-75.7767364,39.6907367,-75.7769188,0.0173770916239,Nottingham Road
178673330,178656613,39.6872831,-75.7698370,39.6820992,-75.7709561,0.583512621106,Radcliffe Drive
1201837746,1559404085,39.6599571,-75.7502805,39.6605997,-75.7507347,0.0812993556822,n/a
2456019625,178674124,39.6772601,-75.7830862,39.6775044,-75.7831804,0.028302663947,Blue Hen Ridge
178674124,178674131,39.6775044,-75.7831804,39.6812712,-75.7828900,0.418963489511,Blue Hen Ridge
178645795,1594115975,39.6771595,-75.7857470,39.6768660,-75.7856194,0.0343765685282,Country Hills Drive
1594107158,2456019625,39.6768726,-75.7831290,39.6772601,-75.7830862,0.043179935057,King William Street
2456019624,1594107158,39.6772463,-75.7831989,39.6768726,-75.7831290,0.0419224850203,King William Street
1594107158,178623827,39.6768726,-75.7831290,39.6751939,-75.7836249,0.191177809471,King William Street
1594115975,178645794,39.6768660,-75.7856194,39.6768205,-75.7856029,0.00524638851241,Country Hills Drive
1594115975,178645795,39.6768660,-75.7856194,39.6771595,-75.7857470,0.0343765685282,Country Hills Drive
1594123385,182560493,39.6775415,-75.7810837,39.6762448,-75.7885729,0.658467685439,Barksdale Road
1594127547,178646153,39.6777907,-75.7748741,39.6761327,-75.7740442,0.197375141453,Casho Mill Road
178686662,1594140362,39.6796349,-75.7647234,39.6794200,-75.7653933,0.0622279401333,Barksdale Road
2456091553,178656069,39.6784321,-75.7751771,39.6783677,-75.7755496,0.0327480592163,Barksdale Road
178656069,2781515693,39.6783677,-75.7755496,39.6775654,-75.7809354,0.470575415183,Barksdale Road
1594127547,2456091553,39.6777907,-75.7748741,39.6784321,-75.7751771,0.0758099324138,Casho Mill Road
2456091553,1595673164,39.6784321,-75.7751771,39.6790254,-75.7752667,0.0663201878763,Casho Mill Road
534486122,568218954,39.6851958,-75.7339509,39.6849217,-75.7348938,0.0864222110209,Ogletown Road
2446623829,1679051134,39.6847255,-75.7356759,39.6846186,-75.7361721,0.0441904434647,Ogletown Road
1679051134,178629029,39.6846186,-75.7361721,39.6845177,-75.7365983,0.0382395800831,Ogletown Road
568218954,2446623829,39.6849217,-75.7348938,39.6847255,-75.7356759,0.0705404003852,Ogletown Road
178629029,620737645,39.6845177,-75.7365983,39.6844888,-75.7367593,0.0141793077146,Ogletown Road
1679051134,1679059007,39.6846186,-75.7361721,39.6848173,-75.7366819,0.0489827492758,n/a
568218953,568218412,39.6846247,-75.7356668,39.6850511,-75.7340068,0.150066759857,Ogletown Road
568218412,568218414,39.6850511,-75.7340068,39.6851614,-75.7335825,0.0384034654869,Ogletown Road
620736362,534486122,39.6854563,-75.7328713,39.6851958,-75.7339509,0.0970242396641,Ogletown Road
568218414,1679067600,39.6851614,-75.7335825,39.6853451,-75.7328282,0.0678456757536,Ogletown Road
947601982,1680389020,39.6947898,-75.7874747,39.6930320,-75.7829111,0.437393980339,Nottingham Road
1680389020,955545103,39.6930320,-75.7829111,39.6927776,-75.7822387,0.0642203325633,Nottingham Road
1680935206,1514729535,39.6926468,-75.7819072,39.6923237,-75.7810675,0.0804650310398,Nottingham Road
955545103,1680935206,39.6927776,-75.7822387,39.6926468,-75.7819072,0.0319284837948,Nottingham Road
1687710357,1687710247,39.6824321,-75.7568437,39.6819821,-75.7567969,0.0501238936344,West Delaware Avenue
1769364893,178647527,39.6827163,-75.7393038,39.6835284,-75.7381840,0.131751140898,Thompson Circle
1769364893,1769364886,39.6827163,-75.7393038,39.6834705,-75.7387681,0.0955195551855,Thompson Circle
1910005876,178648022,39.6830482,-75.7853653,39.6831230,-75.7873690,0.172092550096,Briar Court
1910010605,1910005877,39.6836591,-75.7855969,39.6827266,-75.7866710,0.138599544022,Kayser Court
178677636,178627350,39.6529037,-75.7738897,39.6553828,-75.7699359,0.436927218747,Miners Lane
178676025,178649723,39.6520940,-75.7699236,39.6535750,-75.7764900,0.587058232635,Ohio State Drive
2009595849,1711421841,39.6631568,-75.7526919,39.6630110,-75.7524299,0.0277042015231,Discovery Boulevard
2009613794,2009613786,39.6614563,-75.7535588,39.6613651,-75.7536907,0.0151871081737,Marvin Drive
178617349,2073506550,39.6767239,-75.7453626,39.6767008,-75.7454827,0.0106184021545,Chambers Street
1711421897,178712028,39.6632372,-75.7524555,39.6615375,-75.7522349,0.189661642477,South College Avenue
178724074,2151149306,39.6995348,-75.7488114,39.6980936,-75.7476275,0.189513097323,Wyncliff Lane
178730814,2157550493,39.6802055,-75.7301709,39.6803710,-75.7305440,0.0369079271121,n/a
2157558643,2157558648,39.6789910,-75.7298726,39.6793898,-75.7300788,0.0476812657713,Marrows Road
2157558652,2157558650,39.6800312,-75.7307285,39.6798943,-75.7303173,0.0384125514289,n/a
2157558650,178727372,39.6798943,-75.7303173,39.6801293,-75.7304336,0.0279343372522,Marrows Road
2157558649,2157558652,39.6798958,-75.7311628,39.6800312,-75.7307285,0.0401776053912,Wyoming Road
178727372,2157558652,39.6801293,-75.7304336,39.6800312,-75.7307285,0.0275447276066,Wyoming Road
178725759,178704018,39.6748770,-75.7656857,39.6743683,-75.7662326,0.073428578905,Elkton Road
6283770391,1687710274,39.6790233,-75.7606172,39.6820134,-75.7572947,0.437563814287,South Main Street
2446623861,2446623862,39.6850981,-75.7367515,39.6852199,-75.7367689,0.0136054098003,Capitol Trail
2446623862,587698355,39.6852199,-75.7367689,39.6869410,-75.7357074,0.21167827963,Capitol Trail
587661183,178646431,39.6589933,-75.7440443,39.6591468,-75.7441094,0.0179351194555,Robscott Turn
587661180,178646430,39.6589617,-75.7441792,39.6583632,-75.7438279,0.0729693553862,Robscott Turn
2455880705,178696201,39.6585792,-75.7457734,39.6587353,-75.7457893,0.017385113497,Sincock Lane
178730586,178730599,39.6604545,-75.7393819,39.6580145,-75.7426472,0.389760664541,Argyle Road
587668654,178730586,39.6605644,-75.7395366,39.6604545,-75.7393819,0.0180313779802,Argyle Road
1513695095,178727378,39.6835185,-75.7320395,39.6837582,-75.7321577,0.0284798174257,Marrows Road
2595099789,2595099793,39.6830232,-75.7317913,39.6831623,-75.7318558,0.016405381256,Marrows Road
2595099793,1513695095,39.6831623,-75.7318558,39.6835185,-75.7320395,0.0425725495103,Marrows Road
2157597699,1321151564,39.6839781,-75.7322505,39.6843115,-75.7324111,0.0394976563248,Marrows Road
1043898934,568186907,39.6823671,-75.7314847,39.6824181,-75.7315093,0.0060429414937,Marrows Road
1043898950,2595099789,39.6826616,-75.7316215,39.6830232,-75.7317913,0.0427088448676,Marrows Road
568186907,1043898950,39.6824181,-75.7315093,39.6826616,-75.7316215,0.0286978060103,Marrows Road
178727378,2157597699,39.6837582,-75.7321577,39.6839781,-75.7322505,0.0256803068557,Marrows Road
1321151564,2595108889,39.6843115,-75.7324111,39.6847455,-75.7326139,0.0512308069413,Marrows Road
2595108889,615091696,39.6847455,-75.7326139,39.6849704,-75.7327121,0.0263530403298,Marrows Road
1679067600,620736362,39.6853451,-75.7328282,39.6854563,-75.7328713,0.0128881025576,Marrows Road
615091696,1679067600,39.6849704,-75.7327121,39.6853451,-75.7328282,0.0427779675998,Marrows Road
1352135800,2597779105,39.6865835,-75.7361777,39.6866867,-75.7374422,0.109075998984,East Cleveland Avenue
2595116285,2595116280,39.6854287,-75.7329860,39.6851909,-75.7328945,0.0275446646005,Marrows Road
2595116280,615091696,39.6851909,-75.7328945,39.6849704,-75.7327121,0.02905498552,Marrows Road
178725291,587698355,39.6866592,-75.7354233,39.6869410,-75.7357074,0.0396594227315,n/a
2595253497,178689396,39.6871936,-75.7459316,39.6871774,-75.7461430,0.0182233479534,East Cleveland Avenue
178689396,178689394,39.6871774,-75.7461430,39.6870567,-75.7469932,0.0741531321045,East Cleveland Avenue
178689385,178685453,39.6858718,-75.7535976,39.6857792,-75.7544376,0.0727882607641,East Cleveland Avenue
2595253495,2595253497,39.6871587,-75.7437674,39.6871936,-75.7459316,0.185690384697,East Cleveland Avenue
2595253486,178689385,39.6868056,-75.7485701,39.6858718,-75.7535976,0.44356259728,East Cleveland Avenue
178710770,2597771315,39.6883021,-75.7472585,39.6885424,-75.7468186,0.0462142569114,Lawson Street
2597773989,2597774008,39.6890865,-75.7481896,39.6895140,-75.7412929,0.593497364641,Creek View Road
2597773989,2597773988,39.6890865,-75.7481896,39.6890828,-75.7485405,0.0301029668019,Creek View Road
2598294073,178617401,39.6866351,-75.7465230,39.6867555,-75.7466282,0.0161288030831,North Chapel Street
2598294075,178689394,39.6868047,-75.7466688,39.6870567,-75.7469932,0.0394617056186,North Chapel Street
2598319339,178633091,39.6839458,-75.7416474,39.6839130,-75.7420580,0.0354115987418,East Main Street
2601214708,2601214679,39.6829673,-75.7560309,39.6827563,-75.7564717,0.0444838452901,South Main Street
1687710274,1687710247,39.6820134,-75.7572947,39.6819821,-75.7567969,0.0428467596491,South Main Street
178661176,178644600,39.6831040,-75.7565767,39.6830661,-75.7565212,0.00635421903499,West Main Street
178644600,2601214679,39.6830661,-75.7565212,39.6827563,-75.7564717,0.0346577796332,West Main Street
2114990826,178644600,39.6830012,-75.7561863,39.6830661,-75.7565212,0.0296200415853,West Main Street
178673163,2601275740,39.6745740,-75.7686754,39.6740931,-75.7693608,0.0794293532991,Thorn Lane
2601275860,2601275884,39.6757937,-75.7733337,39.6760657,-75.7724665,0.0802978590865,Thorn Lane
2601275828,2601275872,39.6753839,-75.7725155,39.6759229,-75.7729220,0.0692654065298,Thorn Lane
2652119769,2652119756,39.6670955,-75.7532641,39.6668903,-75.7529267,0.0368408188949,n/a
178694059,2652119769,39.6671490,-75.7529650,39.6670955,-75.7532641,0.0263433187982,n/a
2652119077,2652119006,39.6658615,-75.7532633,39.6655807,-75.7534368,0.0345490292765,n/a
2652331505,2652119085,39.6654383,-75.7593292,39.6658757,-75.7530654,0.539679113729,Healthy Way
1711422086,2652119085,39.6660564,-75.7528066,39.6658757,-75.7530654,0.0299278690505,Healthy Way
2652119085,1711422068,39.6658757,-75.7530654,39.6657931,-75.7527840,0.0258294818661,Healthy Way
3301578110,2009595849,39.6627815,-75.7587504,39.6631568,-75.7526919,0.521560399522,Discovery Boulevard
2652331186,2652330604,39.6630507,-75.7619571,39.6617948,-75.7613076,0.150166664161,n/a
2780754312,2780754319,39.6584478,-75.7567087,39.6585693,-75.7567160,0.0135044501389,Science Boulevard
2652330687,3301578110,39.6620282,-75.7614254,39.6627815,-75.7587504,0.2443117002,n/a
2652331088,2652331501,39.6629527,-75.7622801,39.6638038,-75.7591632,0.283668505513,Research Boulevard
2730370013,178727370,39.6702521,-75.7276004,39.6770372,-75.7290438,0.76345001124,Marrows Road
178727359,2730370013,39.6701610,-75.7275864,39.6702521,-75.7276004,0.0101857600376,Marrows Road
1687710357,178725753,39.6824321,-75.7568437,39.6820302,-75.7573897,0.0646929940269,South Main Street
178727357,2780744387,39.6641722,-75.7268119,39.6630596,-75.7266891,0.123978586383,Marrows Road
178727357,178727359,39.6641722,-75.7268119,39.6701610,-75.7275864,0.668238815357,Marrows Road
2780744342,178629035,39.6614073,-75.7260227,39.6626209,-75.7263620,0.137853724277,Manfield Road
178629035,178727357,39.6626209,-75.7263620,39.6641722,-75.7268119,0.176511768298,Marrows Road
2780744374,2780744342,39.6625781,-75.7265131,39.6614073,-75.7260227,0.136633910399,Manfield Road
2780744413,2780744374,39.6627257,-75.7265761,39.6625781,-75.7265131,0.0172564617351,Marrows Road/Manfield Road
2780751251,2780751222,39.6651032,-75.7753360,39.6657585,-75.7755047,0.0741829133438,n/a
2781497985,1514729535,39.6907367,-75.7769188,39.6923237,-75.7810675,0.397096266859,Nottingham Road
2781515673,178686662,39.6798572,-75.7640622,39.6796349,-75.7647234,0.0618622914693,Hillside Road
2781515693,1594123385,39.6775654,-75.7809354,39.6775415,-75.7810837,0.0129970451023,Barksdale Road
1687709604,2781515673,39.6792980,-75.7645025,39.6798572,-75.7640622,0.0726752457338,n/a
1594140362,1687709594,39.6794200,-75.7653933,39.6791786,-75.7643880,0.0903153063841,n/a
1594140362,2456091553,39.6794200,-75.7653933,39.6784321,-75.7751771,0.846512456849,Barksdale Road
1687709594,1687709604,39.6791786,-75.7643880,39.6792980,-75.7645025,0.0164996319696,Apple Road
1687709604,178686662,39.6792980,-75.7645025,39.6796349,-75.7647234,0.0419324081654,Apple Road
620737645,620737760,39.6844888,-75.7367593,39.6844351,-75.7365876,0.0158903477778,Ogletown Road
620737760,568218953,39.6844351,-75.7365876,39.6846247,-75.7356668,0.081748228867,Ogletown Road
2114990826,178666897,39.6830012,-75.7561863,39.6854680,-75.7583310,0.329944884891,New London Road
2837730527,178700894,39.6749502,-75.7283376,39.6755058,-75.7270672,0.125242091626,Kimberton Drive
178672986,178672990,39.6769100,-75.7270076,39.6769263,-75.7261850,0.0705981219885,Southway Drive
178700894,178650802,39.6755058,-75.7270672,39.6779048,-75.7234278,0.410416735778,Kimberton Drive
178681201,613088174,39.6754945,-75.7184750,39.6733556,-75.7282115,0.868471832992,Old Newark Road
178648567,178633151,39.6746285,-75.7268653,39.6747093,-75.7259714,0.0772174881772,Gilbert Court
178734144,178622377,39.6677409,-75.7387138,39.6687598,-75.7388637,0.11385555705,Capitol Trail
178632100,178714908,39.6715033,-75.7691785,39.6709136,-75.7683383,0.0973850940518,Chrysler Avenue
178725796,178725794,39.6733354,-75.7671023,39.6742622,-75.7660969,0.13427504637,Elkton Road
178673165,540762996,39.6734476,-75.7671645,39.6715805,-75.7692814,0.275614734141,Elkton Road
178714908,178717810,39.6709136,-75.7683383,39.6725940,-75.7664242,0.248558591823,Lehigh Road
178714908,178717825,39.6709136,-75.7683383,39.6680479,-75.7696365,0.337109012533,Lehigh Road
778787725,178687375,39.6617080,-75.7362969,39.6584730,-75.7350478,0.374830058238,South Chapel Street
620745215,178687425,39.6615686,-75.7359968,39.6627669,-75.7365155,0.140293392045,South Chapel Street
178673165,178646155,39.6734476,-75.7671645,39.6748040,-75.7734074,0.556399506502,Thorn Lane
178666914,3151333709,39.6890455,-75.7602601,39.6886401,-75.7615171,0.116843369804,Emily Bell Lane
1711421934,2009595849,39.6633669,-75.7524727,39.6631568,-75.7526919,0.0299660505268,Discovery Boulevard
178710281,3251605524,39.6753150,-75.7266580,39.6757540,-75.7268825,0.0524092588518,n/a
3251605526,178710281,39.6752453,-75.7273536,39.6753150,-75.7266580,0.0601800143677,n/a
3311199150,178630154,39.6945296,-75.7476226,39.6948047,-75.7481199,0.0524631075964,n/a
3311203161,178660003,39.6911229,-75.7365565,39.6928373,-75.7374643,0.205658956252,Fall Brooke Road
3334824197,3334820090,39.6573653,-75.7490058,39.6568045,-75.7485703,0.0726203568719,Cirnwallis Square
178657859,2597773988,39.6888838,-75.7484204,39.6890828,-75.7485405,0.0243784913929,Paper Mill Road
2597773988,1248489335,39.6890828,-75.7485405,39.6891907,-75.7486056,0.0132175740882,Paper Mill Road
178666598,178666599,39.6772019,-75.7739311,39.6764393,-75.7735561,0.0905768613251,Blair Court
3536207342,3536207337,39.6785953,-75.7741711,39.6777317,-75.7741097,0.0960287638082,Saw Mill Court
3536207341,3536207339,39.6781549,-75.7741070,39.6779866,-75.7746880,0.0532334205661,Sluice Court
178677636,3536598771,39.6529037,-75.7738897,39.6525551,-75.7725060,0.124903890788,Mesa Court
3572886307,3572886308,39.6709527,-75.7712836,39.6712445,-75.7706138,0.0659732308575,Gateway Drive
3573149406,3573149404,39.6807276,-75.7448291,39.6806703,-75.7458575,0.0884557894674,Wrightstowne Lane
3574951611,3574951605,39.6555287,-75.7857022,39.6550957,-75.7858992,0.0509613622123,North Twin Lakes Boulevard
3574951593,3574951606,39.6535550,-75.7834375,39.6552747,-75.7861572,0.301558250553,North Twin Lakes Boulevard
3574951595,3574951600,39.6539493,-75.7867132,39.6544622,-75.7849286,0.163403790982,Edwards Drive
3574951601,3574951597,39.6544857,-75.7830732,39.6541772,-75.7844341,0.121715236955,South Twin Lakes Boulevard
2781529352,3575292295,39.6505294,-75.7337443,39.6520639,-75.7340998,0.173082896281,Bellevue Road
3580715720,3580715705,39.6686359,-75.7730218,39.6683547,-75.7729273,0.0322569320536,Christina Mill Drive
3580717128,3580717136,39.6705166,-75.7744133,39.6705591,-75.7741916,0.0195990116098,Christina Mill Drive
3580715761,3580717103,39.6696385,-75.7744260,39.6702960,-75.7757171,0.132670952196,Christina Mill Drive
3580717142,3580715791,39.6705839,-75.7741969,39.6702230,-75.7757895,0.142403650804,Christina Mill Drive
3580715727,3580715710,39.6687951,-75.7731996,39.6684939,-75.7727746,0.0494793404342,Christina Mill Drive
3580718193,3580718205,39.6676469,-75.7736603,39.6688891,-75.7755074,0.210098372744,Millstone Drive
3581041600,3581041599,39.6515098,-75.7339815,39.6512794,-75.7351742,0.105513177325,Bellevue Road
3581041602,3581041601,39.6517886,-75.7340541,39.6515956,-75.7349368,0.0787309512675,Bellevue Road
3586317738,3586317737,39.6556142,-75.7728440,39.6554940,-75.7727067,0.0178030822966,Greenway Tu
178725767,3586456478,39.6673726,-75.7739685,39.6673687,-75.7755140,0.132615048492,Suburban Drive
3588322062,3588322069,39.6607420,-75.7257122,39.6617465,-75.7247442,0.139063937737,Chestnut Hill Plaza
3588322072,3588322070,39.6623593,-75.7250385,39.6619174,-75.7235802,0.134415730904,Chestnut Hill Plaza
3590618934,178660016,39.6914264,-75.7518523,39.6912050,-75.7495130,0.20215853153,n/a
3640983633,5935917253,39.6837895,-75.7436447,39.6830802,-75.7435439,0.0792258854023,Farmer Lane
3642368096,3642368095,39.6812569,-75.7466843,39.6809797,-75.7464181,0.0383245248343,Victoria Court
3642368098,3642368093,39.6815431,-75.7467252,39.6807214,-75.7466077,0.0917873272036,Victoria Court
3586456483,3659101037,39.6678422,-75.7748731,39.6675764,-75.7790153,0.356650076152,n/a
178676015,178627350,39.6497188,-75.7702605,39.6553828,-75.7699359,0.629479158798,University Drive
3680865671,3680865688,39.6743304,-75.7750059,39.6722050,-75.7721487,0.340269125156,Munro Road
3680865689,3680865677,39.6746351,-75.7739775,39.6735376,-75.7749147,0.145993587373,Russell Lane
3680865692,3680865694,39.6727238,-75.7741160,39.6729719,-75.7739008,0.0331619444726,Ellis Court
3680973194,178617843,39.6761460,-75.7668969,39.6761830,-75.7664807,0.0359437726135,Quincy Drive
3590618931,3731156463,39.6911190,-75.7499016,39.6903529,-75.7496839,0.0870847856568,n/a
178637218,3810751139,39.6809363,-75.7456275,39.6809678,-75.7448864,0.0636750560275,n/a
1145524451,3810751465,39.6817371,-75.7450700,39.6816764,-75.7455228,0.0394255603377,Victoria Court
178712028,587674393,39.6615375,-75.7522349,39.6586697,-75.7517581,0.321024667713,South College Avenue
178648849,178626584,39.6556660,-75.7514540,39.6547020,-75.7527730,0.155787187632,West Chestnut Hill Road
178646153,178646154,39.6761327,-75.7740442,39.6756215,-75.7737918,0.0607484720775,Casho Mill Road
178646154,178646166,39.6756215,-75.7737918,39.6704433,-75.7706487,0.635032979952,Casho Mill Road
5177475884,5177475889,39.7005450,-75.7787996,39.7009194,-75.7794087,0.0667607010408,Hunters Circle
178646166,2781498127,39.6704433,-75.7706487,39.6703484,-75.7705385,0.0141571882719,Casho Mill Road
178646166,5194266425,39.6704433,-75.7706487,39.6696241,-75.7716262,0.123722917401,Elkton Road
178637665,2781498127,39.6695260,-75.7715022,39.6703484,-75.7705385,0.123186493113,Elkton Road
540762996,178646166,39.6715805,-75.7692814,39.6704433,-75.7706487,0.172352309221,Elkton Road
2781498127,178632100,39.6703484,-75.7705385,39.6715033,-75.7691785,0.17337502476,Elkton Road
178704018,178673165,39.6743683,-75.7662326,39.6734476,-75.7671645,0.129779184224,Elkton Road
178725794,178646393,39.6742622,-75.7660969,39.6748714,-75.7654306,0.0885609627963,Elkton Road
178701021,178720528,39.6517032,-75.7495829,39.6516470,-75.7496880,0.0109681855511,Welsh Tract Road
178716132,3273222079,39.6762873,-75.7639651,39.6749754,-75.7655812,0.201101286617,South Main Street
178635611,5194393226,39.6758077,-75.7643318,39.6758730,-75.7642536,0.00987821036491,South Main Street
178646393,5544401197,39.6748714,-75.7654306,39.6750271,-75.7652599,0.0226569751134,South Main Street
5194393226,178716132,39.6758730,-75.7642536,39.6762873,-75.7639651,0.0522358411683,n/a
2780754319,2652331505,39.6585693,-75.7567160,39.6654383,-75.7593292,0.794937441792,Science Boulevard
178654675,178654676,39.6816547,-75.7536232,39.6819899,-75.7494772,0.357622478377,East Delaware Avenue
5542674180,5542674177,39.6803966,-75.7305549,39.6800575,-75.7306539,0.0385958630743,n/a
5542674184,5542674181,39.6791964,-75.7323836,39.6795432,-75.7323082,0.0390442605593,n/a
5544377725,5544377722,39.6765667,-75.7636114,39.6762320,-75.7638225,0.0413398145234,n/a
5544401211,178725759,39.6749137,-75.7656467,39.6748770,-75.7656857,0.00527256203326,Elkton Road
3273222079,5544401211,39.6749754,-75.7655812,39.6749137,-75.7656467,0.00886058927731,Elkton Road
178646393,3273222079,39.6748714,-75.7654306,39.6749754,-75.7655812,0.0173287822805,West Park Place
5544401205,5544401197,39.6747536,-75.7650373,39.6750271,-75.7652599,0.0358728764114,n/a
5544401205,178646393,39.6747536,-75.7650373,39.6748714,-75.7654306,0.0361902398658,West Park Place
5544401211,5544401212,39.6749137,-75.7656467,39.6747254,-75.7649012,0.0672921531048,West Park Place
5544904585,5544904582,39.6753044,-75.7286193,39.6749438,-75.7289776,0.0504773734958,n/a
5544904589,5544904586,39.6748850,-75.7289526,39.6746901,-75.7284913,0.0451078343591,n/a
2837730580,5544904591,39.6750276,-75.7283175,39.6749978,-75.7285523,0.0204151044236,Kimberton Drive
5544904590,2837730527,39.6749289,-75.7285380,39.6749502,-75.7283376,0.0173556748198,Kimberton Drive
5544904591,5544904594,39.6749978,-75.7285523,39.6748471,-75.7295043,0.0833753004741,Whitechapel Drive
5544904594,5544904590,39.6748471,-75.7295043,39.6749289,-75.7285380,0.0834020590185,Whitechapel Drive
5544936841,5544936837,39.6707059,-75.7710110,39.6702385,-75.7708999,0.0527629144173,n/a
5545104975,5545104959,39.6953465,-75.7506741,39.6956520,-75.7503716,0.0427049674512,n/a
5545104959,5545104956,39.6956520,-75.7503716,39.6958698,-75.7506887,0.0363938692706,n/a
5545104978,5545104979,39.6971730,-75.7500920,39.6950482,-75.7506040,0.239966508844,Paper Mill Road
1248489326,5545104979,39.6895989,-75.7488124,39.6950482,-75.7506040,0.624240519914,Paper Mill Road
5545104979,5545104978,39.6950482,-75.7506040,39.6971730,-75.7500920,0.239966508844,Paper Mill Road
5545118544,5545118539,39.6874061,-75.7472871,39.6870026,-75.7474324,0.0465016105417,n/a
1201837812,1201837807,39.6603589,-75.7518512,39.6605484,-75.7513038,0.0514718690695,n/a
178672997,178725755,39.6803377,-75.7557624,39.6812609,-75.7582756,0.238732651156,Amstel Avenue
178672997,178718908,39.6803377,-75.7557624,39.6718700,-75.7567340,0.943843622627,Orchard Road
178689399,620752270,39.6867246,-75.7379020,39.6847236,-75.7376298,0.223391949707,Mc Kees Lane
178689399,2595273722,39.6867246,-75.7379020,39.6867500,-75.7382661,0.0313605743823,East Cleveland Avenue
178707279,178689399,39.6869566,-75.7378914,39.6867246,-75.7379020,0.0257746843723,Mc Kees Lane
2595273722,2595253495,39.6867500,-75.7382661,39.6871587,-75.7437674,0.474092044736,East Cleveland Avenue
2597779105,178689399,39.6866867,-75.7374422,39.6867246,-75.7379020,0.0396667773989,East Cleveland Avenue
5865575130,5865575125,39.6856375,-75.7578622,39.6857219,-75.7585306,0.0580987892425,n/a
178736421,178722222,39.6761536,-75.7294867,39.6751667,-75.7296668,0.110658076099,East Village Road
5935917247,3640983658,39.6820862,-75.7447795,39.6821101,-75.7436103,0.100339050859,East Delaware Avenue
178633091,3640983633,39.6839130,-75.7420580,39.6837895,-75.7436447,0.136806138267,East Main Street
178687434,178734144,39.6666060,-75.7383180,39.6677409,-75.7387138,0.130502665417,Capitol Trail
178634798,178622377,39.6696470,-75.7388290,39.6687598,-75.7388637,0.0985492800078,Library Avenue
178676473,178676471,39.6582224,-75.7484112,39.6580594,-75.7484179,0.0181067070962,Old East Chestnut Hill Road
564421140,2780758480,39.6575907,-75.7486986,39.6577313,-75.7485147,0.0221982632406,Old East Chestnut Hill Road
178696139,178676471,39.6582253,-75.7488313,39.6580594,-75.7484179,0.0399739168683,n/a
3640983658,3566319008,39.6821101,-75.7436103,39.6821280,-75.7432999,0.0267028147497,East Delaware Avenue
3640983633,5925868455,39.6837895,-75.7436447,39.6837378,-75.7443088,0.0572592478538,East Main Street
5544401212,5544401205,39.6747254,-75.7649012,39.6747536,-75.7650373,0.0120895354822,West Park Place
5544401197,178635611,39.6750271,-75.7652599,39.6758077,-75.7643318,0.117694927657,South Main Street
2780758480,178631648,39.6577313,-75.7485147,39.6577971,-75.7484339,0.0100724798982,Old East Chestnut Hill Road
178651060,178720512,39.6671500,-75.7528312,39.6685950,-75.7529862,0.160986162962,South College Avenue
178720512,178694059,39.6685950,-75.7529862,39.6671490,-75.7529650,0.160557164904,South College Avenue
620699883,620702308,39.6586541,-75.7515643,39.6591387,-75.7516454,0.0542524793382,South College Avenue
620741891,620741518,39.6785652,-75.7359208,39.6767599,-75.7357829,0.200788511221,Library Avenue
620741912,620741891,39.6786018,-75.7358013,39.6785652,-75.7359208,0.0110282277897,Wyoming Road
1513486162,1419655944,39.6789013,-75.7358621,39.6797338,-75.7359950,0.0931317773114,Library Avenue
2157558648,2157558650,39.6793898,-75.7300788,39.6798943,-75.7303173,0.0596340338183,Marrows Road
2780744387,2780744413,39.6630596,-75.7266891,39.6627257,-75.7265761,0.038319490886,Marrows Road
1749280567,620745215,39.6612128,-75.7358720,39.6615686,-75.7359968,0.0409297769275,South Chapel Street
1513649447,568186894,39.6815336,-75.7368030,39.6816030,-75.7362318,0.0496048981974,East Delaware Avenue
568186892,1513649460,39.6815863,-75.7363623,39.6812512,-75.7363148,0.0374281501311,Library Avenue
5935917252,178654682,39.6819217,-75.7451102,39.6821972,-75.7451703,0.0310198483809,South Chapel Street
178654682,5935917247,39.6821972,-75.7451703,39.6820862,-75.7447795,0.0357195614645,East Delaware Avenue
5935917252,5935917247,39.6819217,-75.7451102,39.6820862,-75.7447795,0.0337409999999,n/a
5935917253,3566319008,39.6830802,-75.7435439,39.6821280,-75.7432999,0.107773690106,Farmer Lane
178674811,178687412,39.6745308,-75.7430184,39.6763759,-75.7436723,0.212401736303,South Chapel Street
178646400,178646371,39.6742440,-75.7534952,39.6744379,-75.7534990,0.0215308717069,South College Avenue
178646371,178646372,39.6744379,-75.7534990,39.6744108,-75.7542403,0.063673211456,West Park Place
5994986127,178719250,39.6521479,-75.7805145,39.6521591,-75.7803668,0.0127372836485,n/a
2652119769,6067126996,39.6670955,-75.7532641,39.6655380,-75.7578935,0.433247095421,Inspiration Boulevard
6067127000,2652331501,39.6640552,-75.7554740,39.6638038,-75.7591632,0.317802133855,Research Boulevard
6067127001,6067126997,39.6630075,-75.7553389,39.6669223,-75.7557857,0.436340859253,Avenue 1743
2652119769,6093256608,39.6670955,-75.7532641,39.6672965,-75.7529789,0.033119784482,n/a
6093256615,6093256614,39.6670119,-75.7544574,39.6687463,-75.7546389,0.193196145584,Station Way
178666420,6283770202,39.6781205,-75.7617499,39.6784581,-75.7628695,0.103108607757,Old Barksdale Road
178626559,178716132,39.6777206,-75.7622182,39.6762873,-75.7639651,0.218602648766,South Main Street
178692705,6219026503,39.6723978,-75.7473333,39.6723899,-75.7484317,0.094247397252,n/a
6219659835,6219659843,39.6756951,-75.7434316,39.6764657,-75.7432118,0.0876120926984,n/a
5865575125,178650310,39.6857219,-75.7585306,39.6979121,-75.7662744,1.507670292,New London Road
5865575130,178666897,39.6856375,-75.7578622,39.6854680,-75.7583310,0.0444012079287,West Cleveland Avenue
178727375,1043898934,39.6820607,-75.7313394,39.6823671,-75.7314847,0.0362309204071,Marrows Road
1513462470,178687412,39.6784304,-75.7363778,39.6763759,-75.7436723,0.666102449053,Wyoming Road
178685457,5865575130,39.6856560,-75.7577894,39.6856375,-75.7578622,0.00657420195921,West Cleveland Avenue
178662849,2598294067,39.6860930,-75.7461369,39.6865261,-75.7464408,0.0546985575579,North Chapel Street
6267014200,6267014208,39.6807957,-75.7362542,39.6800780,-75.7363827,0.0804441059444,n/a
6267014208,6267014213,39.6800780,-75.7363827,39.6798570,-75.7361152,0.0335967536862,n/a
1579596783,6268947300,39.6716681,-75.7507274,39.6712408,-75.7506854,0.0475790721156,Water Works Lane
1579596778,178703242,39.6716530,-75.7523319,39.6716855,-75.7505475,0.153146603633,Water Works Lane
1579596760,6268947300,39.6708436,-75.7530003,39.6712408,-75.7506854,0.203460469225,Water Works Lane
178620588,1579596760,39.6703817,-75.7532615,39.6708436,-75.7530003,0.0559672179507,Water Works Lane
6283770280,6283770279,39.6780827,-75.7627731,39.6783910,-75.7626496,0.0358324149923,n/a
178662847,178662849,39.6857882,-75.7460539,39.6860930,-75.7461369,0.0345824164771,North Chapel Street
2598294067,2598294073,39.6865261,-75.7464408,39.6866351,-75.7465230,0.014006533801,North Chapel Street
6219000885,178725755,39.6818730,-75.7575874,39.6812609,-75.7582756,0.0900242932752,South Main Street
178725753,6219000885,39.6820302,-75.7573897,39.6818730,-75.7575874,0.0243369526824,South Main Street
6270559912,178666420,39.6786726,-75.7611247,39.6781205,-75.7617499,0.0814528327719,South Main Street
178626566,6283770391,39.6776529,-75.7621021,39.6790233,-75.7606172,0.19844386014,South Main Street
5194393226,178626566,39.6758730,-75.7642536,39.6776529,-75.7621021,0.270418718567,South Main Street
178666420,178626559,39.6781205,-75.7617499,39.6777206,-75.7622182,0.0598798075627,South Main Street
6283900653,178641167,39.6774207,-75.7617899,39.6771498,-75.7615106,0.0384559347913,Apple Road
178626566,6283900653,39.6776529,-75.7621021,39.6774207,-75.7617899,0.0371763773829,Apple Road
178617401,2598294075,39.6867555,-75.7466282,39.6868047,-75.7466688,0.00647841330981,North Chapel Street
1986034698,178654675,39.6816084,-75.7552501,39.6816547,-75.7536232,0.139664945351,West Delaware Avenue
178668015,1986034698,39.6816067,-75.7553304,39.6816084,-75.7552501,0.00689145346091,West Delaware Avenue
